<?xml version="1.0"?>
<buildings>
	<entry>
		<key>BUILDING_BUILDING</key>
		<value>
			<sp>
				<name>Building</name>
				<owner>ORG_ALIEN</owner>
				<bounds>
					<p0>
						<x>44</x>
						<y>50</y>
					</p0>
					<p1>
						<x>52</x>
						<y>59</y>
					</p1>
				</bounds>
				<base_layout />
				<landingPadLocations />
			</sp>
		</value>
	</entry>
	<entry>
		<key>BUILDING_ILIAD_INSTITUTE</key>
		<value>
			<sp>
				<name>Iliad Institute</name>
				<owner>ORG_ALIEN</owner>
				<bounds>
					<p0>
						<x>77</x>
						<y>43</y>
					</p0>
					<p1>
						<x>87</x>
						<y>52</y>
					</p1>
				</bounds>
				<base_layout />
				<landingPadLocations />
			</sp>
		</value>
	</entry>
	<entry>
		<key>BUILDING_JUDGMENT_CENTRAL</key>
		<value>
			<sp>
				<name>Judgment Central</name>
				<owner>ORG_ALIEN</owner>
				<bounds>
					<p0>
						<x>68</x>
						<y>59</y>
					</p0>
					<p1>
						<x>74</x>
						<y>67</y>
					</p1>
				</bounds>
				<base_layout />
				<landingPadLocations />
			</sp>
		</value>
	</entry>
	<entry>
		<key>BUILDING_MEGAVISION_ONE</key>
		<value>
			<sp>
				<name>Megavision One</name>
				<owner>ORG_ALIEN</owner>
				<bounds>
					<p0>
						<x>71</x>
						<y>22</y>
					</p0>
					<p1>
						<x>79</x>
						<y>29</y>
					</p1>
				</bounds>
				<base_layout />
				<landingPadLocations />
			</sp>
		</value>
	</entry>
	<entry>
		<key>BUILDING_PHOENIX_SANATORIUM</key>
		<value>
			<sp>
				<name>Phoenix Sanatorium</name>
				<owner>ORG_ALIEN</owner>
				<bounds>
					<p0>
						<x>55</x>
						<y>20</y>
					</p0>
					<p1>
						<x>62</x>
						<y>27</y>
					</p1>
				</bounds>
				<base_layout />
				<landingPadLocations />
			</sp>
		</value>
	</entry>
	<entry>
		<key>BUILDING_QUADRAX_TOWER</key>
		<value>
			<sp>
				<name>Quadrax Tower</name>
				<owner>ORG_ALIEN</owner>
				<bounds>
					<p0>
						<x>49</x>
						<y>68</y>
					</p0>
					<p1>
						<x>55</x>
						<y>77</y>
					</p1>
				</bounds>
				<base_layout />
				<landingPadLocations />
			</sp>
		</value>
	</entry>
	<entry>
		<key>BUILDING_RESCUE_ONE</key>
		<value>
			<sp>
				<name>Rescue One</name>
				<owner>ORG_ALIEN</owner>
				<bounds>
					<p0>
						<x>41</x>
						<y>21</y>
					</p0>
					<p1>
						<x>48</x>
						<y>28</y>
					</p1>
				</bounds>
				<base_layout />
				<landingPadLocations />
			</sp>
		</value>
	</entry>
	<entry>
		<key>BUILDING_THE_SENATE</key>
		<value>
			<sp>
				<name>The Senate</name>
				<owner>ORG_ALIEN</owner>
				<bounds>
					<p0>
						<x>24</x>
						<y>29</y>
					</p0>
					<p1>
						<x>34</x>
						<y>36</y>
					</p1>
				</bounds>
				<base_layout />
				<landingPadLocations />
			</sp>
		</value>
	</entry>
	<entry>
		<key>BUILDING_TRANSTELLAR_SPACELINES</key>
		<value>
			<sp>
				<name>Transtellar Spacelines</name>
				<owner>ORG_ALIEN</owner>
				<bounds>
					<p0>
						<x>32</x>
						<y>65</y>
					</p0>
					<p1>
						<x>37</x>
						<y>70</y>
					</p1>
				</bounds>
				<base_layout />
				<landingPadLocations />
			</sp>
		</value>
	</entry>
	<entry>
		<key>BUILDING_UHURU_TOWER</key>
		<value>
			<sp>
				<name>Uhuru Tower</name>
				<owner>ORG_ALIEN</owner>
				<bounds>
					<p0>
						<x>24</x>
						<y>44</y>
					</p0>
					<p1>
						<x>34</x>
						<y>51</y>
					</p1>
				</bounds>
				<base_layout />
				<landingPadLocations />
			</sp>
		</value>
	</entry>
</buildings>
