<?xml version="1.0" encoding="UTF-8"?>
<facility_types>
  <entry>
    <key>FACILITYTYPE_ACCESS_LIFT</key>
    <value>
      <sp>
        <fixed>true</fixed>
      </sp>
    </value>
  </entry>
  <entry>
    <key>FACILITYTYPE_ADVANCED_ALIEN_CONTAINMENT</key>
    <value>
      <sp>
        <capacityType>aliens</capacityType>
      </sp>
    </value>
  </entry>
  <entry>
    <key>FACILITYTYPE_ADVANCED_BIOCHEMISTRY_LAB</key>
    <value>
      <sp>
        <capacityType>chemistry</capacityType>
      </sp>
    </value>
  </entry>
  <entry>
    <key>FACILITYTYPE_ADVANCED_QUANTUM_PHYSICS_LAB</key>
    <value>
      <sp>
        <capacityType>physics</capacityType>
      </sp>
    </value>
  </entry>
  <entry>
    <key>FACILITYTYPE_ADVANCED_WORKSHOP</key>
    <value>
      <sp>
        <capacityType>workshop</capacityType>
      </sp>
    </value>
  </entry>
  <entry>
    <key>FACILITYTYPE_ALIEN_CONTAINMENT</key>
    <value>
      <sp>
        <capacityType>aliens</capacityType>
      </sp>
    </value>
  </entry>
  <entry>
    <key>FACILITYTYPE_BIOCHEMISTRY_LAB</key>
    <value>
      <sp>
        <capacityType>chemistry</capacityType>
      </sp>
    </value>
  </entry>
  <entry>
    <key>FACILITYTYPE_CELLS</key>
    <value>
      <sp>
        <capacityType>aliens</capacityType>
      </sp>
    </value>
  </entry>
  <entry>
    <key>FACILITYTYPE_LIVING_QUARTERS</key>
    <value>
      <sp>
        <capacityType>quarters</capacityType>
      </sp>
    </value>
  </entry>
  <entry>
    <key>FACILITYTYPE_MEDICAL_BAY</key>
    <value>
      <sp>
        <capacityType>medical</capacityType>
      </sp>
    </value>
  </entry>
  <entry>
    <key>FACILITYTYPE_PSI-GYM</key>
    <value>
      <sp>
        <capacityType>psi</capacityType>
      </sp>
    </value>
  </entry>
  <entry>
    <key>FACILITYTYPE_QUANTUM_PHYSICS_LAB</key>
    <value>
      <sp>
        <capacityType>physics</capacityType>
      </sp>
    </value>
  </entry>
  <entry>
    <key>FACILITYTYPE_STORES</key>
    <value>
      <sp>
        <capacityType>stores</capacityType>
      </sp>
    </value>
  </entry>
  <entry>
    <key>FACILITYTYPE_TRAINING_AREA</key>
    <value>
      <sp>
        <capacityType>training</capacityType>
      </sp>
    </value>
  </entry>
  <entry>
    <key>FACILITYTYPE_VEHICLE_REPAIR_BAY</key>
    <value>
      <sp>
        <capacityType>repair</capacityType>
        <capacityAmount>1</capacityAmount>
      </sp>
    </value>
  </entry>
  <entry>
    <key>FACILITYTYPE_WORKSHOP</key>
    <value>
      <sp>
        <capacityType>workshop</capacityType>
      </sp>
    </value>
  </entry>
</facility_types>
