<?xml version="1.0"?>
<buildings>
	<entry>
		<key>BUILDING_CAMPESINO_APARTMENTS</key>
		<value>
			<sp>
				<base_layout>BASELAYOUT_12</base_layout>
			</sp>
		</value>
	</entry>
	<entry>
		<key>BUILDING_CHRONOS_BLOCK</key>
		<value>
			<sp>
				<base_layout>BASELAYOUT_10</base_layout>
			</sp>
		</value>
	</entry>
	<entry>
		<key>BUILDING_WAREHOUSE_ONE</key>
		<value>
			<sp>
				<base_layout>BASELAYOUT_10</base_layout>
			</sp>
		</value>
	</entry>
	<entry>
		<key>BUILDING_WAREHOUSE_SIX</key>
		<value>
			<sp>
				<base_layout>BASELAYOUT_1</base_layout>
			</sp>
		</value>
	</entry>
	<entry>
		<key>BUILDING_WAREHOUSE_EIGHT</key>
		<value>
			<sp>
				<base_layout>BASELAYOUT_15</base_layout>
			</sp>
		</value>
	</entry>
	<entry>
		<key>BUILDING_HADES_BLOCK</key>
		<value>
			<sp>
				<base_layout>BASELAYOUT_0</base_layout>
			</sp>
		</value>
	</entry>
</buildings>
