<?xml version="1.0"?>
<research>
	<entry>
		<key>RESEARCH_ADVANCED_ALIEN_CONTAINMENT</key>
		<value>
			<sp>
				<name>Advanced Alien Containment</name>
				<description>To secure and research large or dangerous Alien life forms.</description>
				<ufopaedia_entry />
				<man_hours>22000</man_hours>
				<man_hours_progress>0</man_hours_progress>
				<type>biochem</type>
				<required_lab_size>small</required_lab_size>
				<score>80</score>
			</sp>
		</value>
	</entry>
	<entry>
		<key>RESEARCH_ADVANCED_BIOCHEMISTRY_LAB</key>
		<value>
			<sp>
				<name>Advanced Biochemistry Lab</name>
				<description> For researching advanced Alien organic technology.</description>
				<ufopaedia_entry />
				<man_hours>16000</man_hours>
				<man_hours_progress>0</man_hours_progress>
				<type>biochem</type>
				<required_lab_size>small</required_lab_size>
				<score>80</score>
			</sp>
		</value>
	</entry>
	<entry>
		<key>RESEARCH_ADVANCED_QUANTUM_PHYSICS_LAB</key>
		<value>
			<sp>
				<name>Advanced Quantum Physics Lab</name>
				<description>For researching advanced Alien technology.</description>
				<ufopaedia_entry />
				<man_hours>16000</man_hours>
				<man_hours_progress>0</man_hours_progress>
				<type>physics</type>
				<required_lab_size>small</required_lab_size>
				<score>80</score>
			</sp>
		</value>
	</entry>
	<entry>
		<key>RESEARCH_ADVANCED_SECURITY_STATION</key>
		<value>
			<sp>
				<name>Advanced Security Station</name>
				<description>A security station using Alien disrupter technology.</description>
				<ufopaedia_entry />
				<man_hours>18000</man_hours>
				<man_hours_progress>0</man_hours_progress>
				<type>physics</type>
				<required_lab_size>small</required_lab_size>
				<score>80</score>
			</sp>
		</value>
	</entry>
	<entry>
		<key>RESEARCH_ADVANCED_WORKSHOP</key>
		<value>
			<sp>
				<name>Advanced Workshop</name>
				<description>Needed for building new vehicle types.</description>
				<ufopaedia_entry />
				<man_hours>24000</man_hours>
				<man_hours_progress>0</man_hours_progress>
				<type>physics</type>
				<required_lab_size>small</required_lab_size>
				<score>80</score>
			</sp>
		</value>
	</entry>
	<entry>
		<key>RESEARCH_ALIEN_BUILDING</key>
		<value>
			<sp>
				<name>Alien building</name>
				<description>This research could reveal a weakness in the Alien defenses.</description>
				<ufopaedia_entry />
				<man_hours>38000</man_hours>
				<man_hours_progress>0</man_hours_progress>
				<type>biochem</type>
				<required_lab_size>small</required_lab_size>
				<score>380</score>
			</sp>
		</value>
	</entry>
	<entry>
		<key>RESEARCH_ALIEN_BUILDING_1</key>
		<value>
			<sp>
				<name>Alien building 1</name>
				<description>This research could reveal a weakness in the Alien defenses.</description>
				<ufopaedia_entry />
				<man_hours>42000</man_hours>
				<man_hours_progress>0</man_hours_progress>
				<type>biochem</type>
				<required_lab_size>small</required_lab_size>
				<score>420</score>
			</sp>
		</value>
	</entry>
	<entry>
		<key>RESEARCH_ALIEN_BUILDING_2</key>
		<value>
			<sp>
				<name>Alien building 2</name>
				<description>This research could reveal a weakness in the Alien defenses.</description>
				<ufopaedia_entry />
				<man_hours>32000</man_hours>
				<man_hours_progress>0</man_hours_progress>
				<type>biochem</type>
				<required_lab_size>small</required_lab_size>
				<score>320</score>
			</sp>
		</value>
	</entry>
	<entry>
		<key>RESEARCH_ALIEN_BUILDING_3</key>
		<value>
			<sp>
				<name>Alien building 3</name>
				<description>This research could reveal a weakness in the Alien defenses.</description>
				<ufopaedia_entry />
				<man_hours>46000</man_hours>
				<man_hours_progress>0</man_hours_progress>
				<type>biochem</type>
				<required_lab_size>small</required_lab_size>
				<score>460</score>
			</sp>
		</value>
	</entry>
	<entry>
		<key>RESEARCH_ALIEN_BUILDING_4</key>
		<value>
			<sp>
				<name>Alien building 4</name>
				<description>This research could reveal a weakness in the Alien defenses.</description>
				<ufopaedia_entry />
				<man_hours>30000</man_hours>
				<man_hours_progress>0</man_hours_progress>
				<type>biochem</type>
				<required_lab_size>small</required_lab_size>
				<score>300</score>
			</sp>
		</value>
	</entry>
	<entry>
		<key>RESEARCH_ALIEN_BUILDING_5</key>
		<value>
			<sp>
				<name>Alien building 5</name>
				<description>This research could reveal a weakness in the Alien defenses.</description>
				<ufopaedia_entry />
				<man_hours>44000</man_hours>
				<man_hours_progress>0</man_hours_progress>
				<type>biochem</type>
				<required_lab_size>small</required_lab_size>
				<score>440</score>
			</sp>
		</value>
	</entry>
	<entry>
		<key>RESEARCH_ALIEN_BUILDING_6</key>
		<value>
			<sp>
				<name>Alien building 6</name>
				<description>This research could reveal a weakness in the Alien defenses.</description>
				<ufopaedia_entry />
				<man_hours>34000</man_hours>
				<man_hours_progress>0</man_hours_progress>
				<type>biochem</type>
				<required_lab_size>small</required_lab_size>
				<score>340</score>
			</sp>
		</value>
	</entry>
	<entry>
		<key>RESEARCH_ALIEN_BUILDING_7</key>
		<value>
			<sp>
				<name>Alien building 7</name>
				<description>This research could reveal a weakness in the Alien defenses.</description>
				<ufopaedia_entry />
				<man_hours>40000</man_hours>
				<man_hours_progress>0</man_hours_progress>
				<type>biochem</type>
				<required_lab_size>small</required_lab_size>
				<score>400</score>
			</sp>
		</value>
	</entry>
	<entry>
		<key>RESEARCH_ALIEN_BUILDING_8</key>
		<value>
			<sp>
				<name>Alien building 8</name>
				<description>This research could reveal a weakness in the Alien defenses.</description>
				<ufopaedia_entry />
				<man_hours>36000</man_hours>
				<man_hours_progress>0</man_hours_progress>
				<type>biochem</type>
				<required_lab_size>small</required_lab_size>
				<score>360</score>
			</sp>
		</value>
	</entry>
	<entry>
		<key>RESEARCH_ALIEN_BUILDING_9</key>
		<value>
			<sp>
				<name>Alien building 9</name>
				<description>This research could reveal a weakness in the Alien defenses.</description>
				<ufopaedia_entry />
				<man_hours>48000</man_hours>
				<man_hours_progress>0</man_hours_progress>
				<type>biochem</type>
				<required_lab_size>small</required_lab_size>
				<score>480</score>
			</sp>
		</value>
	</entry>
	<entry>
		<key>RESEARCH_ALIEN_CONTROL_SYSTEM</key>
		<value>
			<sp>
				<name>Alien Control System</name>
				<description>Alien craft guidance System.</description>
				<ufopaedia_entry />
				<man_hours>30000</man_hours>
				<man_hours_progress>0</man_hours_progress>
				<type>physics</type>
				<required_lab_size>small</required_lab_size>
				<score>150</score>
			</sp>
		</value>
	</entry>
	<entry>
		<key>RESEARCH_ALIEN_ENERGY_SOURCE</key>
		<value>
			<sp>
				<name>Alien Energy Source</name>
				<description>Alien craft energy generator.</description>
				<ufopaedia_entry />
				<man_hours>25000</man_hours>
				<man_hours_progress>0</man_hours_progress>
				<type>physics</type>
				<required_lab_size>small</required_lab_size>
				<score>150</score>
			</sp>
		</value>
	</entry>
	<entry>
		<key>RESEARCH_ALIEN_GAS</key>
		<value>
			<sp>
				<name>Alien Gas</name>
				<description>There is a possibility that a multi-toxin can be suspended in gaseous form, which would increase the efficiency of our Biological weaponry.</description>
				<ufopaedia_entry />
				<man_hours>28000</man_hours>
				<man_hours_progress>0</man_hours_progress>
				<type>biochem</type>
				<required_lab_size>large</required_lab_size>
				<score>100</score>
			</sp>
		</value>
	</entry>
	<entry>
		<key>RESEARCH_ALIEN_PROPULSION_SYSTEM</key>
		<value>
			<sp>
				<name>Alien Propulsion System</name>
				<description>Alien craft propulsion.</description>
				<ufopaedia_entry />
				<man_hours>25000</man_hours>
				<man_hours_progress>0</man_hours_progress>
				<type>physics</type>
				<required_lab_size>small</required_lab_size>
				<score>150</score>
			</sp>
		</value>
	</entry>
	<entry>
		<key>RESEARCH_ANNIHILATOR</key>
		<value>
			<sp>
				<name>Annihilator</name>
				<description>The Alien threat can only be stopped by destroying their ability to create Dimension gates. A full assault on the Alien Dimensions requires a craft of immense power.</description>
				<ufopaedia_entry />
				<man_hours>36000</man_hours>
				<man_hours_progress>0</man_hours_progress>
				<type>physics</type>
				<required_lab_size>large</required_lab_size>
				<score>300</score>
			</sp>
		</value>
	</entry>
	<entry>
		<key>RESEARCH_ANTHROPOD</key>
		<value>
			<sp>
				<name>Anthropod</name>
				<description>The Anthropod is a robust humanoid Alien soldier.</description>
				<ufopaedia_entry />
				<man_hours>12000</man_hours>
				<man_hours_progress>0</man_hours_progress>
				<type>biochem</type>
				<required_lab_size>small</required_lab_size>
				<score>200</score>
			</sp>
		</value>
	</entry>
	<entry>
		<key>RESEARCH_ANTHROPOD_AUTOPSY</key>
		<value>
			<sp>
				<name>Anthropod Autopsy</name>
				<description>The Anthropod is the Alien creature that most resembles the human form.</description>
				<ufopaedia_entry />
				<man_hours>8000</man_hours>
				<man_hours_progress>0</man_hours_progress>
				<type>biochem</type>
				<required_lab_size>small</required_lab_size>
				<score>200</score>
			</sp>
		</value>
	</entry>
	<entry>
		<key>RESEARCH_BIO-TRANSPORT</key>
		<value>
			<sp>
				<name>Bio-Transport</name>
				<description>The capture and study of live Alien specimens will help us understand the nature of the Alien threat. In order to do this we need an inter-dimensional transport vehicle that can contain and sustain Alien life forms.</description>
				<ufopaedia_entry />
				<man_hours>18000</man_hours>
				<man_hours_progress>0</man_hours_progress>
				<type>physics</type>
				<required_lab_size>large</required_lab_size>
				<score>100</score>
			</sp>
		</value>
	</entry>
	<entry>
		<key>RESEARCH_BIO-TRANSPORT_MODULE</key>
		<value>
			<sp>
				<name>Bio-Transport Module</name>
				<description>For transporting Alien life forms.</description>
				<ufopaedia_entry />
				<man_hours>9000</man_hours>
				<man_hours_progress>0</man_hours_progress>
				<type>biochem</type>
				<required_lab_size>small</required_lab_size>
				<score>80</score>
			</sp>
		</value>
	</entry>
	<entry>
		<key>RESEARCH_BIOLOGICAL_WARFARE</key>
		<value>
			<sp>
				<name>Biological Warfare</name>
				<description>The aim is to develop a toxin that specifically targets the early stages of the Alien life cycle.</description>
				<ufopaedia_entry />
				<man_hours>26000</man_hours>
				<man_hours_progress>0</man_hours_progress>
				<type>biochem</type>
				<required_lab_size>large</required_lab_size>
				<score>200</score>
			</sp>
		</value>
	</entry>
	<entry>
		<key>RESEARCH_BOOMEROID</key>
		<value>
			<sp>
				<name>Boomeroid</name>
				<description>An intelligent Alien proximity mine</description>
				<ufopaedia_entry />
				<man_hours>40000</man_hours>
				<man_hours_progress>0</man_hours_progress>
				<type>physics</type>
				<required_lab_size>small</required_lab_size>
				<score>150</score>
			</sp>
		</value>
	</entry>
	<entry>
		<key>RESEARCH_BRAINSUCKER</key>
		<value>
			<sp>
				<name>Brainsucker</name>
				<description>A live Brainsucker is a valuable specimen - we must research it as soon as possible.</description>
				<ufopaedia_entry />
				<man_hours>9000</man_hours>
				<man_hours_progress>0</man_hours_progress>
				<type>biochem</type>
				<required_lab_size>small</required_lab_size>
				<score>120</score>
			</sp>
		</value>
	</entry>
	<entry>
		<key>RESEARCH_BRAINSUCKER_AUTOPSY</key>
		<value>
			<sp>
				<name>Brainsucker Autopsy</name>
				<description>This small Alien creature has been seen to attack humans by jumping on the head and gripping with all its limbs.</description>
				<ufopaedia_entry />
				<man_hours>7000</man_hours>
				<man_hours_progress>0</man_hours_progress>
				<type>biochem</type>
				<required_lab_size>small</required_lab_size>
				<score>120</score>
			</sp>
		</value>
	</entry>
	<entry>
		<key>RESEARCH_BRAINSUCKER_LAUNCHER</key>
		<value>
			<sp>
				<name>Brainsucker Launcher</name>
				<description>Fires Brainsucker pods.</description>
				<ufopaedia_entry />
				<man_hours>9000</man_hours>
				<man_hours_progress>0</man_hours_progress>
				<type>biochem</type>
				<required_lab_size>small</required_lab_size>
				<score>100</score>
			</sp>
		</value>
	</entry>
	<entry>
		<key>RESEARCH_BRAINSUCKER_PODS</key>
		<value>
			<sp>
				<name>Brainsucker Pods</name>
				<description>These pods contain a dormant Alien creature.</description>
				<ufopaedia_entry />
				<man_hours>6000</man_hours>
				<man_hours_progress>0</man_hours_progress>
				<type>biochem</type>
				<required_lab_size>small</required_lab_size>
				<score>100</score>
			</sp>
		</value>
	</entry>
	<entry>
		<key>RESEARCH_CHRYSALIS</key>
		<value>
			<sp>
				<name>Chrysalis</name>
				<description>The study of a live Alien Chrysalis could represent a significant advance in our knowledge of the Alien life cycle.</description>
				<ufopaedia_entry />
				<man_hours>12000</man_hours>
				<man_hours_progress>0</man_hours_progress>
				<type>biochem</type>
				<required_lab_size>small</required_lab_size>
				<score>150</score>
			</sp>
		</value>
	</entry>
	<entry>
		<key>RESEARCH_CHRYSALIS_AUTOPSY</key>
		<value>
			<sp>
				<name>Chrysalis Autopsy</name>
				<description>The remains of an Alien Chrysalis produces pungent fumes as it decays rapidly.</description>
				<ufopaedia_entry />
				<man_hours>8000</man_hours>
				<man_hours_progress>0</man_hours_progress>
				<type>biochem</type>
				<required_lab_size>small</required_lab_size>
				<score>150</score>
			</sp>
		</value>
	</entry>
	<entry>
		<key>RESEARCH_CLOAKING_FIELD</key>
		<value>
			<sp>
				<name>Cloaking Field</name>
				<description>Reduced detection of vehicles.</description>
				<ufopaedia_entry />
				<man_hours>80000</man_hours>
				<man_hours_progress>0</man_hours_progress>
				<type>physics</type>
				<required_lab_size>large</required_lab_size>
				<score>200</score>
			</sp>
		</value>
	</entry>
	<entry>
		<key>RESEARCH_DEVASTATOR_CANNON</key>
		<value>
			<sp>
				<name>Devastator Cannon</name>
				<description>An Alien beam weapon.</description>
				<ufopaedia_entry />
				<man_hours>38000</man_hours>
				<man_hours_progress>0</man_hours_progress>
				<type>physics</type>
				<required_lab_size>small</required_lab_size>
				<score>200</score>
			</sp>
		</value>
	</entry>
	<entry>
		<key>RESEARCH_DIMENSION_DESTABILISER</key>
		<value>
			<sp>
				<name>Dimension Destabiliser</name>
				<description>A device based on disruption field research which could be used to disable Alien disruption shields.</description>
				<ufopaedia_entry />
				<man_hours>85000</man_hours>
				<man_hours_progress>0</man_hours_progress>
				<type>physics</type>
				<required_lab_size>small</required_lab_size>
				<score>100</score>
			</sp>
		</value>
	</entry>
	<entry>
		<key>RESEARCH_DIMENSION_GATES</key>
		<value>
			<sp>
				<name>Dimension Gates</name>
				<description>The mysterious atmospheric phenomenon from which the UFOs are emerging requires urgent attention. We must find out where the Alien craft are coming from.</description>
				<ufopaedia_entry />
				<man_hours>5000</man_hours>
				<man_hours_progress>0</man_hours_progress>
				<type>physics</type>
				<required_lab_size>small</required_lab_size>
				<score>50</score>
			</sp>
		</value>
	</entry>
	<entry>
		<key>RESEARCH_DIMENSION_MISSILE</key>
		<value>
			<sp>
				<name>Dimension Missile</name>
				<description>An Alien guided missile.</description>
				<ufopaedia_entry />
				<man_hours>12000</man_hours>
				<man_hours_progress>0</man_hours_progress>
				<type>physics</type>
				<required_lab_size>small</required_lab_size>
				<score>150</score>
			</sp>
		</value>
	</entry>
	<entry>
		<key>RESEARCH_DIMENSION_MISSILE_LAUNCHER</key>
		<value>
			<sp>
				<name>Dimension Missile Launcher</name>
				<description>An Alien guided missile weapon.</description>
				<ufopaedia_entry />
				<man_hours>42000</man_hours>
				<man_hours_progress>0</man_hours_progress>
				<type>physics</type>
				<required_lab_size>small</required_lab_size>
				<score>150</score>
			</sp>
		</value>
	</entry>
	<entry>
		<key>RESEARCH_DIMENSION_PROBE</key>
		<value>
			<sp>
				<name>Dimension Probe</name>
				<description>We need to build an automated device that can be sent through a Dimension gate. This will provide invaluable data which can prepare us for manned missions.</description>
				<ufopaedia_entry />
				<man_hours>12000</man_hours>
				<man_hours_progress>0</man_hours_progress>
				<type>physics</type>
				<required_lab_size>small</required_lab_size>
				<score>80</score>
			</sp>
		</value>
	</entry>
	<entry>
		<key>RESEARCH_DIMENSION_SHIFTER</key>
		<value>
			<sp>
				<name>Dimension Shifter</name>
				<description>Transports a vehicle between Dimensions.</description>
				<ufopaedia_entry />
				<man_hours>190000</man_hours>
				<man_hours_progress>0</man_hours_progress>
				<type>physics</type>
				<required_lab_size>large</required_lab_size>
				<score>400</score>
			</sp>
		</value>
	</entry>
	<entry>
		<key>RESEARCH_DISRUPTOR_ARMOR</key>
		<value>
			<sp>
				<name>Disruptor Armor</name>
				<description>Personal armor can be developed based on disrupter research</description>
				<ufopaedia_entry />
				<man_hours>85000</man_hours>
				<man_hours_progress>0</man_hours_progress>
				<type>physics</type>
				<required_lab_size>small</required_lab_size>
				<score>150</score>
			</sp>
		</value>
	</entry>
	<entry>
		<key>RESEARCH_DISRUPTOR_GUN</key>
		<value>
			<sp>
				<name>Disruptor Gun</name>
				<description>An Alien beam weapon.</description>
				<ufopaedia_entry />
				<man_hours>40000</man_hours>
				<man_hours_progress>0</man_hours_progress>
				<type>physics</type>
				<required_lab_size>small</required_lab_size>
				<score>100</score>
			</sp>
		</value>
	</entry>
	<entry>
		<key>RESEARCH_DISRUPTOR_INVERSION_BOMB</key>
		<value>
			<sp>
				<name>Disruptor Inversion Bomb</name>
				<description>An Alien guided missile launched from Alien craft.</description>
				<ufopaedia_entry />
				<man_hours>60000</man_hours>
				<man_hours_progress>0</man_hours_progress>
				<type>physics</type>
				<required_lab_size>large</required_lab_size>
				<score>300</score>
			</sp>
		</value>
	</entry>
	<entry>
		<key>RESEARCH_DISRUPTOR_MULTI-BOMB</key>
		<value>
			<sp>
				<name>Disruptor Multi-Bomb</name>
				<description>A multiple warhead missile.</description>
				<ufopaedia_entry />
				<man_hours>80000</man_hours>
				<man_hours_progress>0</man_hours_progress>
				<type>physics</type>
				<required_lab_size>large</required_lab_size>
				<score>400</score>
			</sp>
		</value>
	</entry>
	<entry>
		<key>RESEARCH_ENTROPY_LAUNCHER</key>
		<value>
			<sp>
				<name>Entropy Launcher</name>
				<description>An Alien organic weapon.</description>
				<ufopaedia_entry />
				<man_hours>9000</man_hours>
				<man_hours_progress>0</man_hours_progress>
				<type>biochem</type>
				<required_lab_size>small</required_lab_size>
				<score>100</score>
			</sp>
		</value>
	</entry>
	<entry>
		<key>RESEARCH_ENTROPY_POD</key>
		<value>
			<sp>
				<name>Entropy Pod</name>
				<description>Ammunition for an Alien weapon.</description>
				<ufopaedia_entry />
				<man_hours>7000</man_hours>
				<man_hours_progress>0</man_hours_progress>
				<type>biochem</type>
				<required_lab_size>small</required_lab_size>
				<score>100</score>
			</sp>
		</value>
	</entry>
	<entry>
		<key>RESEARCH_EXPLORER</key>
		<value>
			<sp>
				<name>Explorer</name>
				<description>A craft capable of carrying our agents into the Alien Dimensions is required. The vast Alien structures must be explored and studied. This will help us understand their function and their weaknesses.</description>
				<ufopaedia_entry />
				<man_hours>24000</man_hours>
				<man_hours_progress>0</man_hours_progress>
				<type>physics</type>
				<required_lab_size>large</required_lab_size>
				<score>120</score>
			</sp>
		</value>
	</entry>
	<entry>
		<key>RESEARCH_HEAVY_DISRUPTOR_BEAM</key>
		<value>
			<sp>
				<name>Heavy Disruptor Beam</name>
				<description>A beam weapon deployed on Alien craft.</description>
				<ufopaedia_entry />
				<man_hours>70000</man_hours>
				<man_hours_progress>0</man_hours_progress>
				<type>physics</type>
				<required_lab_size>large</required_lab_size>
				<score>400</score>
			</sp>
		</value>
	</entry>
	<entry>
		<key>RESEARCH_HYPERWORM</key>
		<value>
			<sp>
				<name>Hyperworm</name>
				<description>The Hyperworm is a small, highly active carnivore.</description>
				<ufopaedia_entry />
				<man_hours>9000</man_hours>
				<man_hours_progress>0</man_hours_progress>
				<type>biochem</type>
				<required_lab_size>small</required_lab_size>
				<score>150</score>
			</sp>
		</value>
	</entry>
	<entry>
		<key>RESEARCH_HYPERWORM_AUTOPSY</key>
		<value>
			<sp>
				<name>Hyperworm Autopsy</name>
				<description>The Hyperworm corpse is extremely heavy for its size and appears to be a primitive creature.</description>
				<ufopaedia_entry />
				<man_hours>6000</man_hours>
				<man_hours_progress>0</man_hours_progress>
				<type>biochem</type>
				<required_lab_size>small</required_lab_size>
				<score>150</score>
			</sp>
		</value>
	</entry>
	<entry>
		<key>RESEARCH_LARGE_DISRUPTION_SHIELD</key>
		<value>
			<sp>
				<name>Large Disruption Shield</name>
				<description>An Alien energy shield.</description>
				<ufopaedia_entry />
				<man_hours>105000</man_hours>
				<man_hours_progress>0</man_hours_progress>
				<type>physics</type>
				<required_lab_size>large</required_lab_size>
				<score>300</score>
			</sp>
		</value>
	</entry>
	<entry>
		<key>RESEARCH_LIGHT_DISRUPTOR_BEAM</key>
		<value>
			<sp>
				<name>Light Disruptor Beam</name>
				<description>A beam weapon deployed on Alien craft.</description>
				<ufopaedia_entry />
				<man_hours>36000</man_hours>
				<man_hours_progress>0</man_hours_progress>
				<type>physics</type>
				<required_lab_size>small</required_lab_size>
				<score>200</score>
			</sp>
		</value>
	</entry>
	<entry>
		<key>RESEARCH_MEDIUM_DISRUPTOR_BEAM</key>
		<value>
			<sp>
				<name>Medium Disruptor Beam</name>
				<description>A beam weapon deployed on Alien craft.</description>
				<ufopaedia_entry />
				<man_hours>46000</man_hours>
				<man_hours_progress>0</man_hours_progress>
				<type>physics</type>
				<required_lab_size>large</required_lab_size>
				<score>300</score>
			</sp>
		</value>
	</entry>
	<entry>
		<key>RESEARCH_MEGASPAWN</key>
		<value>
			<sp>
				<name>Megaspawn</name>
				<description>Due to the size of the Megaspawn we need a lot of free space in the Alien Containment facility to hold it and an advanced Bio-lab to study it.</description>
				<ufopaedia_entry />
				<man_hours>20000</man_hours>
				<man_hours_progress>0</man_hours_progress>
				<type>biochem</type>
				<required_lab_size>large</required_lab_size>
				<score>200</score>
			</sp>
		</value>
	</entry>
	<entry>
		<key>RESEARCH_MEGASPAWN_AUTOPSY</key>
		<value>
			<sp>
				<name>Megaspawn Autopsy</name>
				<description>An extremely large warrior creature.</description>
				<ufopaedia_entry />
				<man_hours>12000</man_hours>
				<man_hours_progress>0</man_hours_progress>
				<type>biochem</type>
				<required_lab_size>large</required_lab_size>
				<score>200</score>
			</sp>
		</value>
	</entry>
	<entry>
		<key>RESEARCH_MICRONOID</key>
		<value>
			<sp>
				<name>Micronoid</name>
				<description>A swarming amoebae-like Alien life form.</description>
				<ufopaedia_entry />
				<man_hours>26000</man_hours>
				<man_hours_progress>0</man_hours_progress>
				<type>biochem</type>
				<required_lab_size>small</required_lab_size>
				<score>300</score>
			</sp>
		</value>
	</entry>
	<entry>
		<key>RESEARCH_MICRONOID_AUTOPSY</key>
		<value>
			<sp>
				<name>Micronoid Autopsy</name>
				<description>An unusual jelly like Alien life form.</description>
				<ufopaedia_entry />
				<man_hours>20000</man_hours>
				<man_hours_progress>0</man_hours_progress>
				<type>biochem</type>
				<required_lab_size>small</required_lab_size>
				<score>300</score>
			</sp>
		</value>
	</entry>
	<entry>
		<key>RESEARCH_MULTIWORM</key>
		<value>
			<sp>
				<name>Multiworm</name>
				<description>A live Multiworm is a rare catch and must be studied immediately as it is a highly unstable life form.</description>
				<ufopaedia_entry />
				<man_hours>15000</man_hours>
				<man_hours_progress>0</man_hours_progress>
				<type>biochem</type>
				<required_lab_size>small</required_lab_size>
				<score>150</score>
			</sp>
		</value>
	</entry>
	<entry>
		<key>RESEARCH_MULTIWORM_AUTOPSY</key>
		<value>
			<sp>
				<name>Multiworm Autopsy</name>
				<description>The Multiworm corpse decays rapidly, consumed by its own defense mechanisms. If research is not undertaken soon then we will not be able to preserve the remains.</description>
				<ufopaedia_entry />
				<man_hours>9000</man_hours>
				<man_hours_progress>0</man_hours_progress>
				<type>biochem</type>
				<required_lab_size>small</required_lab_size>
				<score>150</score>
			</sp>
		</value>
	</entry>
	<entry>
		<key>RESEARCH_MULTIWORM_EGG</key>
		<value>
			<sp>
				<name>Multiworm Egg</name>
				<description>A live Multiworm egg gives us an excellent opportunity to observe the Alien life cycle in progress.</description>
				<ufopaedia_entry />
				<man_hours>12000</man_hours>
				<man_hours_progress>0</man_hours_progress>
				<type>biochem</type>
				<required_lab_size>small</required_lab_size>
				<score>120</score>
			</sp>
		</value>
	</entry>
	<entry>
		<key>RESEARCH_MULTIWORM_EGG_AUTOPSY</key>
		<value>
			<sp>
				<name>Multiworm Egg Autopsy</name>
				<description>This stationary Alien life form appears to be some form of Alien egg.</description>
				<ufopaedia_entry />
				<man_hours>8000</man_hours>
				<man_hours_progress>0</man_hours_progress>
				<type>biochem</type>
				<required_lab_size>small</required_lab_size>
				<score>120</score>
			</sp>
		</value>
	</entry>
	<entry>
		<key>RESEARCH_ONE_WAY_TO_WIN</key>
		<value>
			<sp>
				<name>One way to win</name>
				<description>We must discover a way to beat the Aliens once and for all</description>
				<ufopaedia_entry />
				<man_hours>35000</man_hours>
				<man_hours_progress>0</man_hours_progress>
				<type>physics</type>
				<required_lab_size>small</required_lab_size>
				<score>500</score>
			</sp>
		</value>
	</entry>
	<entry>
		<key>RESEARCH_OVERSPAWN_AUTOPSY</key>
		<value>
			<sp>
				<name>Overspawn Autopsy</name>
				<description>The Overspawn is an extremely dangerous Alien terror weapon.</description>
				<ufopaedia_entry />
				<man_hours>20000</man_hours>
				<man_hours_progress>0</man_hours_progress>
				<type>biochem</type>
				<required_lab_size>large</required_lab_size>
				<score>450</score>
			</sp>
		</value>
	</entry>
	<entry>
		<key>RESEARCH_OVERSPAWN_AUTOPSY_1</key>
		<value>
			<sp>
				<name>Overspawn Autopsy 1</name>
				<description>A gigantic monster that has ravaged the city.</description>
				<ufopaedia_entry />
				<man_hours>25000</man_hours>
				<man_hours_progress>0</man_hours_progress>
				<type>biochem</type>
				<required_lab_size>large</required_lab_size>
				<score>450</score>
			</sp>
		</value>
	</entry>
	<entry>
		<key>RESEARCH_PERSONAL_CLOAKING_FIELD</key>
		<value>
			<sp>
				<name>Personal Cloaking Field</name>
				<description>An Alien device which limits detection.</description>
				<ufopaedia_entry />
				<man_hours>100000</man_hours>
				<man_hours_progress>0</man_hours_progress>
				<type>physics</type>
				<required_lab_size>small</required_lab_size>
				<score>150</score>
			</sp>
		</value>
	</entry>
	<entry>
		<key>RESEARCH_PERSONAL_DISRUPTOR_SHIELD</key>
		<value>
			<sp>
				<name>Personal Disruptor Shield</name>
				<description>An Alien energy shield.</description>
				<ufopaedia_entry />
				<man_hours>60000</man_hours>
				<man_hours_progress>0</man_hours_progress>
				<type>physics</type>
				<required_lab_size>small</required_lab_size>
				<score>200</score>
			</sp>
		</value>
	</entry>
	<entry>
		<key>RESEARCH_PERSONAL_TELEPORTER</key>
		<value>
			<sp>
				<name>Personal Teleporter</name>
				<description>An Alien teleportation device.</description>
				<ufopaedia_entry />
				<man_hours>130000</man_hours>
				<man_hours_progress>0</man_hours_progress>
				<type>physics</type>
				<required_lab_size>small</required_lab_size>
				<score>200</score>
			</sp>
		</value>
	</entry>
	<entry>
		<key>RESEARCH_POPPER</key>
		<value>
			<sp>
				<name>Popper</name>
				<description>An extremely dangerous Alien that must be kept sedated.</description>
				<ufopaedia_entry />
				<man_hours>9000</man_hours>
				<man_hours_progress>0</man_hours_progress>
				<type>biochem</type>
				<required_lab_size>small</required_lab_size>
				<score>150</score>
			</sp>
		</value>
	</entry>
	<entry>
		<key>RESEARCH_POPPER_AUTOPSY</key>
		<value>
			<sp>
				<name>Popper Autopsy</name>
				<description>A small bipedal Alien creature.</description>
				<ufopaedia_entry />
				<man_hours>6000</man_hours>
				<man_hours_progress>0</man_hours_progress>
				<type>biochem</type>
				<required_lab_size>small</required_lab_size>
				<score>150</score>
			</sp>
		</value>
	</entry>
	<entry>
		<key>RESEARCH_PSIMORPH</key>
		<value>
			<sp>
				<name>Psimorph</name>
				<description>A living Psimorph is an extremely dangerous entity which must be kept unconscious, otherwise its Psionic ability would result in subversion of our personnel.</description>
				<ufopaedia_entry />
				<man_hours>20000</man_hours>
				<man_hours_progress>0</man_hours_progress>
				<type>biochem</type>
				<required_lab_size>large</required_lab_size>
				<score>250</score>
			</sp>
		</value>
	</entry>
	<entry>
		<key>RESEARCH_PSIMORPH_AUTOPSY</key>
		<value>
			<sp>
				<name>Psimorph Autopsy</name>
				<description>The Psimorph creature is a large mass of tentacles.</description>
				<ufopaedia_entry />
				<man_hours>12000</man_hours>
				<man_hours_progress>0</man_hours_progress>
				<type>biochem</type>
				<required_lab_size>large</required_lab_size>
				<score>250</score>
			</sp>
		</value>
	</entry>
	<entry>
		<key>RESEARCH_QUEENSPAWN</key>
		<value>
			<sp>
				<name>Queenspawn</name>
				<description>The enormous hulk of the Queenspawn requires great effort to transport and contain.</description>
				<ufopaedia_entry />
				<man_hours>25000</man_hours>
				<man_hours_progress>0</man_hours_progress>
				<type>biochem</type>
				<required_lab_size>large</required_lab_size>
				<score>450</score>
			</sp>
		</value>
	</entry>
	<entry>
		<key>RESEARCH_QUEENSPAWN_AUTOPSY</key>
		<value>
			<sp>
				<name>Queenspawn Autopsy</name>
				<description>This is a huge egg laying Alien creature.</description>
				<ufopaedia_entry />
				<man_hours>15000</man_hours>
				<man_hours_progress>0</man_hours_progress>
				<type>biochem</type>
				<required_lab_size>large</required_lab_size>
				<score>450</score>
			</sp>
		</value>
	</entry>
	<entry>
		<key>RESEARCH_RETALIATOR</key>
		<value>
			<sp>
				<name>Retaliator</name>
				<description>In order to combat the increasing aggression and power of Alien craft we must build an inter-dimensional weapons platform.</description>
				<ufopaedia_entry />
				<man_hours>30000</man_hours>
				<man_hours_progress>0</man_hours_progress>
				<type>physics</type>
				<required_lab_size>large</required_lab_size>
				<score>200</score>
			</sp>
		</value>
	</entry>
	<entry>
		<key>RESEARCH_SKELETOID</key>
		<value>
			<sp>
				<name>Skeletoid</name>
				<description>An intelligent, airborne humanoid Alien warrior.</description>
				<ufopaedia_entry />
				<man_hours>15000</man_hours>
				<man_hours_progress>0</man_hours_progress>
				<type>biochem</type>
				<required_lab_size>small</required_lab_size>
				<score>200</score>
			</sp>
		</value>
	</entry>
	<entry>
		<key>RESEARCH_SKELETOID_AUTOPSY</key>
		<value>
			<sp>
				<name>Skeletoid Autopsy</name>
				<description>A humanoid Alien with an exo-skeleton structure.</description>
				<ufopaedia_entry />
				<man_hours>10000</man_hours>
				<man_hours_progress>0</man_hours_progress>
				<type>biochem</type>
				<required_lab_size>small</required_lab_size>
				<score>200</score>
			</sp>
		</value>
	</entry>
	<entry>
		<key>RESEARCH_SMALL_DISRUPTION_SHIELD</key>
		<value>
			<sp>
				<name>Small Disruption Shield</name>
				<description>An Alien energy shield.</description>
				<ufopaedia_entry />
				<man_hours>60000</man_hours>
				<man_hours_progress>0</man_hours_progress>
				<type>physics</type>
				<required_lab_size>large</required_lab_size>
				<score>200</score>
			</sp>
		</value>
	</entry>
	<entry>
		<key>RESEARCH_SPITTER</key>
		<value>
			<sp>
				<name>Spitter</name>
				<description>The Spitter is humanoid in form but has a funnel shaped head.</description>
				<ufopaedia_entry />
				<man_hours>9000</man_hours>
				<man_hours_progress>0</man_hours_progress>
				<type>biochem</type>
				<required_lab_size>small</required_lab_size>
				<score>150</score>
			</sp>
		</value>
	</entry>
	<entry>
		<key>RESEARCH_SPITTER_AUTOPSY</key>
		<value>
			<sp>
				<name>Spitter Autopsy</name>
				<description>This ungainly creature has a huge funnel for propelling a deadly liquid.</description>
				<ufopaedia_entry />
				<man_hours>6000</man_hours>
				<man_hours_progress>0</man_hours_progress>
				<type>biochem</type>
				<required_lab_size>small</required_lab_size>
				<score>150</score>
			</sp>
		</value>
	</entry>
	<entry>
		<key>RESEARCH_STASIS_FIELD_BOMB</key>
		<value>
			<sp>
				<name>Stasis Field Bomb</name>
				<description>An Alien missile with an immobilizing effect.</description>
				<ufopaedia_entry />
				<man_hours>50000</man_hours>
				<man_hours_progress>0</man_hours_progress>
				<type>physics</type>
				<required_lab_size>large</required_lab_size>
				<score>300</score>
			</sp>
		</value>
	</entry>
	<entry>
		<key>RESEARCH_TELEPORTER</key>
		<value>
			<sp>
				<name>Teleporter</name>
				<description>Instantly transports a vehicle over short ranges.</description>
				<ufopaedia_entry />
				<man_hours>150000</man_hours>
				<man_hours_progress>0</man_hours_progress>
				<type>physics</type>
				<required_lab_size>large</required_lab_size>
				<score>400</score>
			</sp>
		</value>
	</entry>
	<entry>
		<key>RESEARCH_THE_ALIEN_DIMENSION</key>
		<value>
			<sp>
				<name>The Alien Dimension</name>
				<description>We must analyze the data from our Alien Dimension probe.</description>
				<ufopaedia_entry />
				<man_hours>6000</man_hours>
				<man_hours_progress>0</man_hours_progress>
				<type>physics</type>
				<required_lab_size>small</required_lab_size>
				<score>50</score>
			</sp>
		</value>
	</entry>
	<entry>
		<key>RESEARCH_THE_ALIEN_GENETIC_STRUCTURE</key>
		<value>
			<sp>
				<name>The Alien Genetic Structure</name>
				<description>Investigate the genetic relationships between Alien life forms.</description>
				<ufopaedia_entry />
				<man_hours>25000</man_hours>
				<man_hours_progress>0</man_hours_progress>
				<type>biochem</type>
				<required_lab_size>small</required_lab_size>
				<score>300</score>
			</sp>
		</value>
	</entry>
	<entry>
		<key>RESEARCH_THE_ALIEN_LIFE_CYCLE</key>
		<value>
			<sp>
				<name>The Alien Life Cycle</name>
				<description>Research the primary stages of the Alien life cycle.</description>
				<ufopaedia_entry />
				<man_hours>30000</man_hours>
				<man_hours_progress>0</man_hours_progress>
				<type>biochem</type>
				<required_lab_size>small</required_lab_size>
				<score>400</score>
			</sp>
		</value>
	</entry>
	<entry>
		<key>RESEARCH_THE_REAL_ALIEN_THREAT</key>
		<value>
			<sp>
				<name>The Real Alien Threat</name>
				<description>Investigate the source of the Alien intelligence and their secret purpose.</description>
				<ufopaedia_entry />
				<man_hours>35000</man_hours>
				<man_hours_progress>0</man_hours_progress>
				<type>biochem</type>
				<required_lab_size>small</required_lab_size>
				<score>500</score>
			</sp>
		</value>
	</entry>
	<entry>
		<key>RESEARCH_TOXIN_TYPE_B</key>
		<value>
			<sp>
				<name>Toxin Type B</name>
				<description>A toxin needs to be developed to combat the higher Alien life forms.</description>
				<ufopaedia_entry />
				<man_hours>15000</man_hours>
				<man_hours_progress>0</man_hours_progress>
				<type>biochem</type>
				<required_lab_size>large</required_lab_size>
				<score>100</score>
			</sp>
		</value>
	</entry>
	<entry>
		<key>RESEARCH_TOXIN_TYPE_C</key>
		<value>
			<sp>
				<name>Toxin Type C</name>
				<description>A powerful Biological warfare weapon designed to target the Micronoid parasites.</description>
				<ufopaedia_entry />
				<man_hours>15000</man_hours>
				<man_hours_progress>0</man_hours_progress>
				<type>biochem</type>
				<required_lab_size>large</required_lab_size>
				<score>100</score>
			</sp>
		</value>
	</entry>
	<entry>
		<key>RESEARCH_UFO_TYPE_1</key>
		<value>
			<sp>
				<name>UFO type 1</name>
				<description>Alien inter-dimensional craft</description>
				<ufopaedia_entry />
				<man_hours>8000</man_hours>
				<man_hours_progress>0</man_hours_progress>
				<type>physics</type>
				<required_lab_size>small</required_lab_size>
				<score>80</score>
			</sp>
		</value>
	</entry>
	<entry>
		<key>RESEARCH_UFO_TYPE_10</key>
		<value>
			<sp>
				<name>UFO type 10</name>
				<description>Alien inter-dimensional craft</description>
				<ufopaedia_entry />
				<man_hours>20000</man_hours>
				<man_hours_progress>0</man_hours_progress>
				<type>physics</type>
				<required_lab_size>small</required_lab_size>
				<score>200</score>
			</sp>
		</value>
	</entry>
	<entry>
		<key>RESEARCH_UFO_TYPE_2</key>
		<value>
			<sp>
				<name>UFO type 2</name>
				<description>Alien inter-dimensional craft</description>
				<ufopaedia_entry />
				<man_hours>10000</man_hours>
				<man_hours_progress>0</man_hours_progress>
				<type>physics</type>
				<required_lab_size>small</required_lab_size>
				<score>80</score>
			</sp>
		</value>
	</entry>
	<entry>
		<key>RESEARCH_UFO_TYPE_3</key>
		<value>
			<sp>
				<name>UFO type 3</name>
				<description>Alien inter-dimensional craft</description>
				<ufopaedia_entry />
				<man_hours>12000</man_hours>
				<man_hours_progress>0</man_hours_progress>
				<type>physics</type>
				<required_lab_size>small</required_lab_size>
				<score>100</score>
			</sp>
		</value>
	</entry>
	<entry>
		<key>RESEARCH_UFO_TYPE_4</key>
		<value>
			<sp>
				<name>UFO type 4</name>
				<description>Alien inter-dimensional craft</description>
				<ufopaedia_entry />
				<man_hours>12000</man_hours>
				<man_hours_progress>0</man_hours_progress>
				<type>physics</type>
				<required_lab_size>small</required_lab_size>
				<score>100</score>
			</sp>
		</value>
	</entry>
	<entry>
		<key>RESEARCH_UFO_TYPE_5</key>
		<value>
			<sp>
				<name>UFO type 5</name>
				<description>Alien inter-dimensional craft</description>
				<ufopaedia_entry />
				<man_hours>14000</man_hours>
				<man_hours_progress>0</man_hours_progress>
				<type>physics</type>
				<required_lab_size>small</required_lab_size>
				<score>120</score>
			</sp>
		</value>
	</entry>
	<entry>
		<key>RESEARCH_UFO_TYPE_6</key>
		<value>
			<sp>
				<name>UFO type 6</name>
				<description>Alien inter-dimensional craft</description>
				<ufopaedia_entry />
				<man_hours>14000</man_hours>
				<man_hours_progress>0</man_hours_progress>
				<type>physics</type>
				<required_lab_size>small</required_lab_size>
				<score>120</score>
			</sp>
		</value>
	</entry>
	<entry>
		<key>RESEARCH_UFO_TYPE_7</key>
		<value>
			<sp>
				<name>UFO type 7</name>
				<description>Alien inter-dimensional craft</description>
				<ufopaedia_entry />
				<man_hours>16000</man_hours>
				<man_hours_progress>0</man_hours_progress>
				<type>physics</type>
				<required_lab_size>small</required_lab_size>
				<score>150</score>
			</sp>
		</value>
	</entry>
	<entry>
		<key>RESEARCH_UFO_TYPE_8</key>
		<value>
			<sp>
				<name>UFO type 8</name>
				<description>Alien inter-dimensional craft</description>
				<ufopaedia_entry />
				<man_hours>16000</man_hours>
				<man_hours_progress>0</man_hours_progress>
				<type>physics</type>
				<required_lab_size>small</required_lab_size>
				<score>150</score>
			</sp>
		</value>
	</entry>
	<entry>
		<key>RESEARCH_UFO_TYPE_9</key>
		<value>
			<sp>
				<name>UFO type 9</name>
				<description>Alien inter-dimensional craft</description>
				<ufopaedia_entry />
				<man_hours>20000</man_hours>
				<man_hours_progress>0</man_hours_progress>
				<type>physics</type>
				<required_lab_size>small</required_lab_size>
				<score>200</score>
			</sp>
		</value>
	</entry>
	<entry>
		<key>RESEARCH_VORTEX_MINE</key>
		<value>
			<sp>
				<name>Vortex Mine</name>
				<description>A powerful Alien grenade.</description>
				<ufopaedia_entry />
				<man_hours>46000</man_hours>
				<man_hours_progress>0</man_hours_progress>
				<type>physics</type>
				<required_lab_size>small</required_lab_size>
				<score>150</score>
			</sp>
		</value>
	</entry>
	<entry>
		<key>RESEARCH_X-COM_ADVANCED_CONTROL_SYSTEM</key>
		<value>
			<sp>
				<name>X-COM Advanced Control System</name>
				<description>A superior weapons control system.</description>
				<ufopaedia_entry />
				<man_hours>35000</man_hours>
				<man_hours_progress>0</man_hours_progress>
				<type>physics</type>
				<required_lab_size>small</required_lab_size>
				<score>200</score>
			</sp>
		</value>
	</entry>
</research>
