<?xml version="1.0"?>
<buildings>
	<entry>
		<key>BUILDING_WAREHOUSE_ONE</key>
		<value>
			<sp>
				<base_layout>BASELAYOUT_1</base_layout>
			</sp>
		</value>
	</entry>
	<entry>
		<key>BUILDING_WAREHOUSE_TWO</key>
		<value>
			<sp>
				<base_layout>BASELAYOUT_7</base_layout>
			</sp>
		</value>
	</entry>
	<entry>
		<key>BUILDING_WAREHOUSE_EIGHT</key>
		<value>
			<sp>
				<base_layout>BASELAYOUT_3</base_layout>
			</sp>
		</value>
	</entry>
	<entry>
		<key>BUILDING_THOMAS_MORE_TOWER</key>
		<value>
			<sp>
				<base_layout>BASELAYOUT_4</base_layout>
			</sp>
		</value>
	</entry>
	<entry>
		<key>BUILDING_LOVECRAFT_BLOCK</key>
		<value>
			<sp>
				<base_layout>BASELAYOUT_0</base_layout>
			</sp>
		</value>
	</entry>
	<entry>
		<key>BUILDING_GRIMOIRE_BLOCK</key>
		<value>
			<sp>
				<base_layout>BASELAYOUT_6</base_layout>
			</sp>
		</value>
	</entry>
	<entry>
		<key>BUILDING_WAREHOUSE_TEN</key>
		<value>
			<sp>
				<base_layout>BASELAYOUT_9</base_layout>
			</sp>
		</value>
	</entry>
	<entry>
		<key>BUILDING_WAREHOUSE_ELEVEN</key>
		<value>
			<sp>
				<base_layout>BASELAYOUT_10</base_layout>
			</sp>
		</value>
	</entry>
</buildings>
