<?xml version="1.0"?>
<buildings>
	<entry>
		<key>BUILDING_WAREHOUSE_ONE</key>
		<value>
			<sp>
				<base_layout>BASELAYOUT_0</base_layout>
			</sp>
		</value>
	</entry>
	<entry>
		<key>BUILDING_WAREHOUSE_THREE</key>
		<value>
			<sp>
				<base_layout>BASELAYOUT_8</base_layout>
			</sp>
		</value>
	</entry>
	<entry>
		<key>BUILDING_WAREHOUSE_SIX</key>
		<value>
			<sp>
				<base_layout>BASELAYOUT_3</base_layout>
			</sp>
		</value>
	</entry>
	<entry>
		<key>BUILDING_OLIVER_TWIST_BLOCK</key>
		<value>
			<sp>
				<base_layout>BASELAYOUT_11</base_layout>
			</sp>
		</value>
	</entry>
	<entry>
	<key>BUILDING_CAMPESINO_APARTMENTS</key>
		<value>
			<sp>
				<base_layout>BASELAYOUT_9</base_layout>
			</sp>
		</value>
	</entry>
	<entry>
		<key>BUILDING_WAREHOUSE_SEVEN</key>
		<value>
			<sp>
				<base_layout>BASELAYOUT_1</base_layout>
			</sp>
		</value>
	</entry>
	<entry>
		<key>BUILDING_HADES_BLOCK</key>
		<value>
			<sp>
				<base_layout>BASELAYOUT_2</base_layout>
			</sp>
		</value>
	</entry>
</buildings>
