<?xml version="1.0"?>
<organisations>
	<entry>
		<key>ORG_ALIEN</key>
		<value>
			<sp>
				<name>Alien</name>
				<balance>5000</balance>
				<income>1000</income>
			</sp>
		</value>
	</entry>
	<entry>
		<key>ORG_CIVILIAN</key>
		<value>
			<sp>
				<name>Civilian</name>
				<balance>5000</balance>
				<income>1000</income>
			</sp>
		</value>
	</entry>
	<entry>
		<key>ORG_CULT_OF_SIRIUS</key>
		<value>
			<sp>
				<name>Cult of Sirius</name>
				<balance>5000</balance>
				<income>1000</income>
			</sp>
		</value>
	</entry>
	<entry>
		<key>ORG_CYBERWEB</key>
		<value>
			<sp>
				<name>Cyberweb</name>
				<balance>5000</balance>
				<income>1000</income>
			</sp>
		</value>
	</entry>
	<entry>
		<key>ORG_DIABLO</key>
		<value>
			<sp>
				<name>Diablo</name>
				<balance>5000</balance>
				<income>1000</income>
			</sp>
		</value>
	</entry>
	<entry>
		<key>ORG_ENERGEN</key>
		<value>
			<sp>
				<name>Energen</name>
				<balance>5000</balance>
				<income>1000</income>
			</sp>
		</value>
	</entry>
	<entry>
		<key>ORG_EVONET</key>
		<value>
			<sp>
				<name>Evonet</name>
				<balance>5000</balance>
				<income>1000</income>
			</sp>
		</value>
	</entry>
	<entry>
		<key>ORG_EXTROPIANS</key>
		<value>
			<sp>
				<name>Extropians</name>
				<balance>5000</balance>
				<income>1000</income>
			</sp>
		</value>
	</entry>
	<entry>
		<key>ORG_GENERAL_METRO</key>
		<value>
			<sp>
				<name>General Metro</name>
				<balance>5000</balance>
				<income>1000</income>
			</sp>
		</value>
	</entry>
	<entry>
		<key>ORG_GOVERNMENT</key>
		<value>
			<sp>
				<name>Government</name>
				<balance>5000</balance>
				<income>1000</income>
			</sp>
		</value>
	</entry>
	<entry>
		<key>ORG_GRAVBALL_LEAGUE</key>
		<value>
			<sp>
				<name>Gravball League</name>
				<balance>5000</balance>
				<income>1000</income>
			</sp>
		</value>
	</entry>
	<entry>
		<key>ORG_LIFETREE</key>
		<value>
			<sp>
				<name>Lifetree</name>
				<balance>5000</balance>
				<income>1000</income>
			</sp>
		</value>
	</entry>
	<entry>
		<key>ORG_MARSEC</key>
		<value>
			<sp>
				<name>Marsec</name>
				<balance>5000</balance>
				<income>1000</income>
			</sp>
		</value>
	</entry>
	<entry>
		<key>ORG_MEGAPOL</key>
		<value>
			<sp>
				<name>Megapol</name>
				<balance>5000</balance>
				<income>1000</income>
			</sp>
		</value>
	</entry>
	<entry>
		<key>ORG_MUTANT_ALLIANCE</key>
		<value>
			<sp>
				<name>Mutant Alliance</name>
				<balance>5000</balance>
				<income>1000</income>
			</sp>
		</value>
	</entry>
	<entry>
		<key>ORG_NANOTECH</key>
		<value>
			<sp>
				<name>Nanotech</name>
				<balance>5000</balance>
				<income>1000</income>
			</sp>
		</value>
	</entry>
	<entry>
		<key>ORG_NUTRIVEND</key>
		<value>
			<sp>
				<name>Nutrivend</name>
				<balance>5000</balance>
				<income>1000</income>
			</sp>
		</value>
	</entry>
	<entry>
		<key>ORG_OSIRON</key>
		<value>
			<sp>
				<name>Osiron</name>
				<balance>5000</balance>
				<income>1000</income>
			</sp>
		</value>
	</entry>
	<entry>
		<key>ORG_PSYKE</key>
		<value>
			<sp>
				<name>Psyke</name>
				<balance>5000</balance>
				<income>1000</income>
			</sp>
		</value>
	</entry>
	<entry>
		<key>ORG_SANCTUARY_CLINIC</key>
		<value>
			<sp>
				<name>Sanctuary Clinic</name>
				<balance>5000</balance>
				<income>1000</income>
			</sp>
		</value>
	</entry>
	<entry>
		<key>ORG_SENSOVISION</key>
		<value>
			<sp>
				<name>Sensovision</name>
				<balance>5000</balance>
				<income>1000</income>
			</sp>
		</value>
	</entry>
	<entry>
		<key>ORG_SOLMINE</key>
		<value>
			<sp>
				<name>Solmine</name>
				<balance>5000</balance>
				<income>1000</income>
			</sp>
		</value>
	</entry>
	<entry>
		<key>ORG_SUPERDYNAMICS</key>
		<value>
			<sp>
				<name>Superdynamics</name>
				<balance>5000</balance>
				<income>1000</income>
			</sp>
		</value>
	</entry>
	<entry>
		<key>ORG_SYNTHEMESH</key>
		<value>
			<sp>
				<name>Synthemesh</name>
				<balance>5000</balance>
				<income>1000</income>
			</sp>
		</value>
	</entry>
	<entry>
		<key>ORG_S_E_L_F_</key>
		<value>
			<sp>
				<name>S.E.L.F.</name>
				<balance>5000</balance>
				<income>1000</income>
			</sp>
		</value>
	</entry>
	<entry>
		<key>ORG_TECHNOCRATS</key>
		<value>
			<sp>
				<name>Technocrats</name>
				<balance>5000</balance>
				<income>1000</income>
			</sp>
		</value>
	</entry>
	<entry>
		<key>ORG_TRANSTELLAR</key>
		<value>
			<sp>
				<name>Transtellar</name>
				<balance>5000</balance>
				<income>1000</income>
			</sp>
		</value>
	</entry>
	<entry>
		<key>ORG_X-COM</key>
		<value>
			<sp>
				<name>X-COM</name>
				<balance>140000</balance>
				<income>92000</income>
			</sp>
		</value>
	</entry>
</organisations>
