<?xml version="1.0"?>
<gamestate>
	<xi:include href="vehicle_types.xml" xmlns:xi="http://www.w3.org/2001/XInclude" />
	<xi:include href="organisations.xml" xmlns:xi="http://www.w3.org/2001/XInclude" />
	<xi:include href="facility_types.xml" xmlns:xi="http://www.w3.org/2001/XInclude" />
	<xi:include href="doodad_types.xml" xmlns:xi="http://www.w3.org/2001/XInclude" />
	<xi:include href="vehicle_equipment.xml" xmlns:xi="http://www.w3.org/2001/XInclude" />
	<xi:include href="cities.xml" xmlns:xi="http://www.w3.org/2001/XInclude" />
	<xi:include href="base_layouts.xml" xmlns:xi="http://www.w3.org/2001/XInclude" />
	<xi:include href="player_bases.xml" xmlns:xi="http://www.w3.org/2001/XInclude" />
	<xi:include href="vehicles.xml" xmlns:xi="http://www.w3.org/2001/XInclude" />
	<xi:include href="ufopaedia.xml" xmlns:xi="http://www.w3.org/2001/XInclude" />
	<xi:include href="research.xml" xmlns:xi="http://www.w3.org/2001/XInclude" />
	<player>ORG_X-COM</player>
	<time>0</time>
</gamestate>
