<?xml version="1.0"?>
<facility_types>
	<entry>
		<key>FACILITYTYPE_ACCESS_LIFT</key>
		<value>
			<sp>
				<name>Access Lift</name>
				<fixed>true</fixed>
				<buildCost>5000</buildCost>
				<buildTime>0</buildTime>
				<weeklyCost>200</weeklyCost>
				<capacityType>nothing</capacityType>
				<capacityAmount>0</capacityAmount>
				<size>1</size>
				<sprite>PCK:xcom3/UFODATA/BASE.PCK:xcom3/UFODATA/BASE.TAB:27:xcom3/UFODATA/BASE.PCX</sprite>
			</sp>
		</value>
	</entry>
	<entry>
		<key>FACILITYTYPE_ADVANCED_ALIEN_CONTAINMENT</key>
		<value>
			<sp>
				<name>Advanced Alien Containment</name>
				<fixed>false</fixed>
				<buildCost>14000</buildCost>
				<buildTime>7</buildTime>
				<weeklyCost>700</weeklyCost>
				<capacityType>aliens</capacityType>
				<capacityAmount>20</capacityAmount>
				<size>2</size>
				<sprite>PCK:xcom3/UFODATA/BASE.PCK:xcom3/UFODATA/BASE.TAB:42:xcom3/UFODATA/BASE.PCX</sprite>
			</sp>
		</value>
	</entry>
	<entry>
		<key>FACILITYTYPE_ADVANCED_BIOCHEMISTRY_LAB</key>
		<value>
			<sp>
				<name>Advanced Biochemistry Lab</name>
				<fixed>false</fixed>
				<buildCost>20000</buildCost>
				<buildTime>8</buildTime>
				<weeklyCost>200</weeklyCost>
				<capacityType>chemistry</capacityType>
				<capacityAmount>10</capacityAmount>
				<size>2</size>
				<sprite>PCK:xcom3/UFODATA/BASE.PCK:xcom3/UFODATA/BASE.TAB:38:xcom3/UFODATA/BASE.PCX</sprite>
			</sp>
		</value>
	</entry>
	<entry>
		<key>FACILITYTYPE_ADVANCED_QUANTUM_PHYSICS_LAB</key>
		<value>
			<sp>
				<name>Advanced Quantum Physics Lab</name>
				<fixed>false</fixed>
				<buildCost>25000</buildCost>
				<buildTime>8</buildTime>
				<weeklyCost>200</weeklyCost>
				<capacityType>physics</capacityType>
				<capacityAmount>10</capacityAmount>
				<size>2</size>
				<sprite>PCK:xcom3/UFODATA/BASE.PCK:xcom3/UFODATA/BASE.TAB:40:xcom3/UFODATA/BASE.PCX</sprite>
			</sp>
		</value>
	</entry>
	<entry>
		<key>FACILITYTYPE_ADVANCED_SECURITY_STATION</key>
		<value>
			<sp>
				<name>Advanced Security Station</name>
				<fixed>false</fixed>
				<buildCost>8000</buildCost>
				<buildTime>4</buildTime>
				<weeklyCost>300</weeklyCost>
				<capacityType>nothing</capacityType>
				<capacityAmount>0</capacityAmount>
				<size>1</size>
				<sprite>PCK:xcom3/UFODATA/BASE.PCK:xcom3/UFODATA/BASE.TAB:35:xcom3/UFODATA/BASE.PCX</sprite>
			</sp>
		</value>
	</entry>
	<entry>
		<key>FACILITYTYPE_ADVANCED_WORKSHOP</key>
		<value>
			<sp>
				<name>Advanced Workshop</name>
				<fixed>false</fixed>
				<buildCost>12000</buildCost>
				<buildTime>9</buildTime>
				<weeklyCost>200</weeklyCost>
				<capacityType>workshop</capacityType>
				<capacityAmount>10</capacityAmount>
				<size>2</size>
				<sprite>PCK:xcom3/UFODATA/BASE.PCK:xcom3/UFODATA/BASE.TAB:44:xcom3/UFODATA/BASE.PCX</sprite>
			</sp>
		</value>
	</entry>
	<entry>
		<key>FACILITYTYPE_ALIEN_CONTAINMENT</key>
		<value>
			<sp>
				<name>Alien Containment</name>
				<fixed>false</fixed>
				<buildCost>7000</buildCost>
				<buildTime>4</buildTime>
				<weeklyCost>400</weeklyCost>
				<capacityType>aliens</capacityType>
				<capacityAmount>20</capacityAmount>
				<size>1</size>
				<sprite>PCK:xcom3/UFODATA/BASE.PCK:xcom3/UFODATA/BASE.TAB:41:xcom3/UFODATA/BASE.PCX</sprite>
			</sp>
		</value>
	</entry>
	<entry>
		<key>FACILITYTYPE_BIOCHEMISTRY_LAB</key>
		<value>
			<sp>
				<name>Biochemistry Lab</name>
				<fixed>false</fixed>
				<buildCost>10000</buildCost>
				<buildTime>5</buildTime>
				<weeklyCost>100</weeklyCost>
				<capacityType>chemistry</capacityType>
				<capacityAmount>5</capacityAmount>
				<size>1</size>
				<sprite>PCK:xcom3/UFODATA/BASE.PCK:xcom3/UFODATA/BASE.TAB:37:xcom3/UFODATA/BASE.PCX</sprite>
			</sp>
		</value>
	</entry>
	<entry>
		<key>FACILITYTYPE_CELLS</key>
		<value>
			<sp>
				<name>Cells</name>
				<fixed>false</fixed>
				<buildCost>1200</buildCost>
				<buildTime>2</buildTime>
				<weeklyCost>100</weeklyCost>
				<capacityType>aliens</capacityType>
				<capacityAmount>10</capacityAmount>
				<size>1</size>
				<sprite>PCK:xcom3/UFODATA/BASE.PCK:xcom3/UFODATA/BASE.TAB:30:xcom3/UFODATA/BASE.PCX</sprite>
			</sp>
		</value>
	</entry>
	<entry>
		<key>FACILITYTYPE_LIVING_QUARTERS</key>
		<value>
			<sp>
				<name>Living Quarters</name>
				<fixed>false</fixed>
				<buildCost>5000</buildCost>
				<buildTime>3</buildTime>
				<weeklyCost>300</weeklyCost>
				<capacityType>quarters</capacityType>
				<capacityAmount>10</capacityAmount>
				<size>1</size>
				<sprite>PCK:xcom3/UFODATA/BASE.PCK:xcom3/UFODATA/BASE.TAB:28:xcom3/UFODATA/BASE.PCX</sprite>
			</sp>
		</value>
	</entry>
	<entry>
		<key>FACILITYTYPE_MEDICAL_BAY</key>
		<value>
			<sp>
				<name>Medical Bay</name>
				<fixed>false</fixed>
				<buildCost>12000</buildCost>
				<buildTime>4</buildTime>
				<weeklyCost>800</weeklyCost>
				<capacityType>medical</capacityType>
				<capacityAmount>10</capacityAmount>
				<size>1</size>
				<sprite>PCK:xcom3/UFODATA/BASE.PCK:xcom3/UFODATA/BASE.TAB:31:xcom3/UFODATA/BASE.PCX</sprite>
			</sp>
		</value>
	</entry>
	<entry>
		<key>FACILITYTYPE_PSI-GYM</key>
		<value>
			<sp>
				<name>Psi-gym</name>
				<fixed>false</fixed>
				<buildCost>15000</buildCost>
				<buildTime>6</buildTime>
				<weeklyCost>900</weeklyCost>
				<capacityType>psi</capacityType>
				<capacityAmount>10</capacityAmount>
				<size>1</size>
				<sprite>PCK:xcom3/UFODATA/BASE.PCK:xcom3/UFODATA/BASE.TAB:33:xcom3/UFODATA/BASE.PCX</sprite>
			</sp>
		</value>
	</entry>
	<entry>
		<key>FACILITYTYPE_QUANTUM_PHYSICS_LAB</key>
		<value>
			<sp>
				<name>Quantum Physics Lab</name>
				<fixed>false</fixed>
				<buildCost>10000</buildCost>
				<buildTime>5</buildTime>
				<weeklyCost>100</weeklyCost>
				<capacityType>physics</capacityType>
				<capacityAmount>5</capacityAmount>
				<size>1</size>
				<sprite>PCK:xcom3/UFODATA/BASE.PCK:xcom3/UFODATA/BASE.TAB:39:xcom3/UFODATA/BASE.PCX</sprite>
			</sp>
		</value>
	</entry>
	<entry>
		<key>FACILITYTYPE_SECURITY_STATION</key>
		<value>
			<sp>
				<name>Security Station</name>
				<fixed>false</fixed>
				<buildCost>2000</buildCost>
				<buildTime>2</buildTime>
				<weeklyCost>200</weeklyCost>
				<capacityType>nothing</capacityType>
				<capacityAmount>0</capacityAmount>
				<size>1</size>
				<sprite>PCK:xcom3/UFODATA/BASE.PCK:xcom3/UFODATA/BASE.TAB:34:xcom3/UFODATA/BASE.PCX</sprite>
			</sp>
		</value>
	</entry>
	<entry>
		<key>FACILITYTYPE_STORES</key>
		<value>
			<sp>
				<name>Stores</name>
				<fixed>false</fixed>
				<buildCost>1000</buildCost>
				<buildTime>2</buildTime>
				<weeklyCost>100</weeklyCost>
				<capacityType>stores</capacityType>
				<capacityAmount>10000</capacityAmount>
				<size>1</size>
				<sprite>PCK:xcom3/UFODATA/BASE.PCK:xcom3/UFODATA/BASE.TAB:29:xcom3/UFODATA/BASE.PCX</sprite>
			</sp>
		</value>
	</entry>
	<entry>
		<key>FACILITYTYPE_TRAINING_AREA</key>
		<value>
			<sp>
				<name>Training Area</name>
				<fixed>false</fixed>
				<buildCost>8000</buildCost>
				<buildTime>5</buildTime>
				<weeklyCost>500</weeklyCost>
				<capacityType>training</capacityType>
				<capacityAmount>10</capacityAmount>
				<size>1</size>
				<sprite>PCK:xcom3/UFODATA/BASE.PCK:xcom3/UFODATA/BASE.TAB:32:xcom3/UFODATA/BASE.PCX</sprite>
			</sp>
		</value>
	</entry>
	<entry>
		<key>FACILITYTYPE_VEHICLE_REPAIR_BAY</key>
		<value>
			<sp>
				<name>Vehicle Repair Bay</name>
				<fixed>false</fixed>
				<buildCost>9000</buildCost>
				<buildTime>5</buildTime>
				<weeklyCost>500</weeklyCost>
				<capacityType>repair</capacityType>
				<capacityAmount>1</capacityAmount>
				<size>2</size>
				<sprite>PCK:xcom3/UFODATA/BASE.PCK:xcom3/UFODATA/BASE.TAB:36:xcom3/UFODATA/BASE.PCX</sprite>
			</sp>
		</value>
	</entry>
	<entry>
		<key>FACILITYTYPE_WORKSHOP</key>
		<value>
			<sp>
				<name>Workshop</name>
				<fixed>false</fixed>
				<buildCost>6000</buildCost>
				<buildTime>6</buildTime>
				<weeklyCost>100</weeklyCost>
				<capacityType>workshop</capacityType>
				<capacityAmount>5</capacityAmount>
				<size>1</size>
				<sprite>PCK:xcom3/UFODATA/BASE.PCK:xcom3/UFODATA/BASE.TAB:43:xcom3/UFODATA/BASE.PCX</sprite>
			</sp>
		</value>
	</entry>
</facility_types>
