<?xml version="1.0"?>
<buildings>
	<entry>
		<key>BUILDING_WAREHOUSE_ONE</key>
		<value>
			<sp>
				<base_layout>BASELAYOUT_10</base_layout>
			</sp>
		</value>
	</entry>
	<entry>
		<key>BUILDING_WAREHOUSE_TWO</key>
		<value>
			<sp>
				<base_layout>BASELAYOUT_5</base_layout>
			</sp>
		</value>
	</entry>
	<entry>
		<key>BUILDING_WAREHOUSE_SIX</key>
		<value>
			<sp>
				<base_layout>BASELAYOUT_9</base_layout>
			</sp>
		</value>
	</entry>
	<entry>
		<key>BUILDING_HEAVENLY_TOWERS</key>
		<value>
			<sp>
				<base_layout>BASELAYOUT_15</base_layout>
			</sp>
		</value>
	</entry>
	<entry>
		<key>BUILDING_WAREHOUSE_NINE</key>
		<value>
			<sp>
				<base_layout>BASELAYOUT_11</base_layout>
			</sp>
		</value>
	</entry>
	<entry>
		<key>BUILDING_BAKUNIN_BLOCK</key>
		<value>
			<sp>
				<base_layout>BASELAYOUT_13</base_layout>
			</sp>
		</value>
	</entry>
</buildings>
