<?xml version="1.0"?>
<buildings>
	<entry>
		<key>BUILDING_BUILDING</key>
		<value>
			<sp>
				<name>Building</name>
				<owner>ORG_ALIEN</owner>
				<bounds>
					<p0>
						<x>44</x>
						<y>50</y>
					</p0>
					<p1>
						<x>53</x>
						<y>60</y>
					</p1>
				</bounds>
				<base_layout />
				<landingPadLocations />
				<landed_vehicles />
			</sp>
		</value>
	</entry>
	<entry>
		<key>BUILDING_ILIAD_INSTITUTE</key>
		<value>
			<sp>
				<name>Iliad Institute</name>
				<owner>ORG_ALIEN</owner>
				<bounds>
					<p0>
						<x>77</x>
						<y>43</y>
					</p0>
					<p1>
						<x>88</x>
						<y>53</y>
					</p1>
				</bounds>
				<base_layout />
				<landingPadLocations />
				<landed_vehicles />
			</sp>
		</value>
	</entry>
	<entry>
		<key>BUILDING_JUDGMENT_CENTRAL</key>
		<value>
			<sp>
				<name>Judgment Central</name>
				<owner>ORG_ALIEN</owner>
				<bounds>
					<p0>
						<x>68</x>
						<y>59</y>
					</p0>
					<p1>
						<x>75</x>
						<y>68</y>
					</p1>
				</bounds>
				<base_layout />
				<landingPadLocations />
				<landed_vehicles />
			</sp>
		</value>
	</entry>
	<entry>
		<key>BUILDING_MEGAVISION_ONE</key>
		<value>
			<sp>
				<name>Megavision One</name>
				<owner>ORG_ALIEN</owner>
				<bounds>
					<p0>
						<x>71</x>
						<y>22</y>
					</p0>
					<p1>
						<x>80</x>
						<y>30</y>
					</p1>
				</bounds>
				<base_layout />
				<landingPadLocations />
				<landed_vehicles />
			</sp>
		</value>
	</entry>
	<entry>
		<key>BUILDING_PHOENIX_SANATORIUM</key>
		<value>
			<sp>
				<name>Phoenix Sanatorium</name>
				<owner>ORG_ALIEN</owner>
				<bounds>
					<p0>
						<x>55</x>
						<y>20</y>
					</p0>
					<p1>
						<x>63</x>
						<y>28</y>
					</p1>
				</bounds>
				<base_layout />
				<landingPadLocations />
				<landed_vehicles />
			</sp>
		</value>
	</entry>
	<entry>
		<key>BUILDING_QUADRAX_TOWER</key>
		<value>
			<sp>
				<name>Quadrax Tower</name>
				<owner>ORG_ALIEN</owner>
				<bounds>
					<p0>
						<x>49</x>
						<y>68</y>
					</p0>
					<p1>
						<x>56</x>
						<y>78</y>
					</p1>
				</bounds>
				<base_layout />
				<landingPadLocations />
				<landed_vehicles />
			</sp>
		</value>
	</entry>
	<entry>
		<key>BUILDING_RESCUE_ONE</key>
		<value>
			<sp>
				<name>Rescue One</name>
				<owner>ORG_ALIEN</owner>
				<bounds>
					<p0>
						<x>41</x>
						<y>21</y>
					</p0>
					<p1>
						<x>49</x>
						<y>29</y>
					</p1>
				</bounds>
				<base_layout />
				<landingPadLocations />
				<landed_vehicles />
			</sp>
		</value>
	</entry>
	<entry>
		<key>BUILDING_THE_SENATE</key>
		<value>
			<sp>
				<name>The Senate</name>
				<owner>ORG_ALIEN</owner>
				<bounds>
					<p0>
						<x>24</x>
						<y>29</y>
					</p0>
					<p1>
						<x>35</x>
						<y>37</y>
					</p1>
				</bounds>
				<base_layout />
				<landingPadLocations />
				<landed_vehicles />
			</sp>
		</value>
	</entry>
	<entry>
		<key>BUILDING_TRANSTELLAR_SPACELINES</key>
		<value>
			<sp>
				<name>Transtellar Spacelines</name>
				<owner>ORG_ALIEN</owner>
				<bounds>
					<p0>
						<x>32</x>
						<y>65</y>
					</p0>
					<p1>
						<x>38</x>
						<y>71</y>
					</p1>
				</bounds>
				<base_layout />
				<landingPadLocations />
				<landed_vehicles />
			</sp>
		</value>
	</entry>
	<entry>
		<key>BUILDING_UHURU_TOWER</key>
		<value>
			<sp>
				<name>Uhuru Tower</name>
				<owner>ORG_ALIEN</owner>
				<bounds>
					<p0>
						<x>24</x>
						<y>44</y>
					</p0>
					<p1>
						<x>35</x>
						<y>52</y>
					</p1>
				</bounds>
				<base_layout />
				<landingPadLocations />
				<landed_vehicles />
			</sp>
		</value>
	</entry>
</buildings>
