<?xml version="1.0"?>
<buildings>
	<entry>
		<key>BUILDING_ACROPOLIS_APARTMENTS</key>
		<value>
			<sp>
				<name>Acropolis Apartments</name>
				<owner>ORG_TRANSTELLAR</owner>
				<bounds>
					<p0>
						<x>23</x>
						<y>82</y>
					</p0>
					<p1>
						<x>29</x>
						<y>89</y>
					</p1>
				</bounds>
				<base_layout />
				<landingPadLocations />
				<landed_vehicles />
			</sp>
		</value>
	</entry>
	<entry>
		<key>BUILDING_ALDOUS_HUXLEY_EMPORIUM</key>
		<value>
			<sp>
				<name>Aldous Huxley Emporium</name>
				<owner>ORG_NUTRIVEND</owner>
				<bounds>
					<p0>
						<x>52</x>
						<y>60</y>
					</p0>
					<p1>
						<x>61</x>
						<y>68</y>
					</p1>
				</bounds>
				<base_layout />
				<landingPadLocations />
				<landed_vehicles />
			</sp>
		</value>
	</entry>
	<entry>
		<key>BUILDING_APPLIANCES_ONE</key>
		<value>
			<sp>
				<name>Appliances One</name>
				<owner>ORG_NANOTECH</owner>
				<bounds>
					<p0>
						<x>55</x>
						<y>18</y>
					</p0>
					<p1>
						<x>61</x>
						<y>21</y>
					</p1>
				</bounds>
				<base_layout />
				<landingPadLocations />
				<landed_vehicles />
			</sp>
		</value>
	</entry>
	<entry>
		<key>BUILDING_APPLIANCES_TWO</key>
		<value>
			<sp>
				<name>Appliances Two</name>
				<owner>ORG_NANOTECH</owner>
				<bounds>
					<p0>
						<x>76</x>
						<y>33</y>
					</p0>
					<p1>
						<x>80</x>
						<y>37</y>
					</p1>
				</bounds>
				<base_layout />
				<landingPadLocations />
				<landed_vehicles />
			</sp>
		</value>
	</entry>
	<entry>
		<key>BUILDING_ARMS_ONE</key>
		<value>
			<sp>
				<name>Arms One</name>
				<owner>ORG_MARSEC</owner>
				<bounds>
					<p0>
						<x>55</x>
						<y>13</y>
					</p0>
					<p1>
						<x>61</x>
						<y>16</y>
					</p1>
				</bounds>
				<base_layout />
				<landingPadLocations />
				<landed_vehicles />
			</sp>
		</value>
	</entry>
	<entry>
		<key>BUILDING_ARMS_TWO</key>
		<value>
			<sp>
				<name>Arms Two</name>
				<owner>ORG_MEGAPOL</owner>
				<bounds>
					<p0>
						<x>82</x>
						<y>21</y>
					</p0>
					<p1>
						<x>84</x>
						<y>25</y>
					</p1>
				</bounds>
				<base_layout />
				<landingPadLocations />
				<landed_vehicles />
			</sp>
		</value>
	</entry>
	<entry>
		<key>BUILDING_ATLANTIS_APARTMENTS</key>
		<value>
			<sp>
				<name>Atlantis Apartments</name>
				<owner>ORG_SANCTUARY_CLINIC</owner>
				<bounds>
					<p0>
						<x>23</x>
						<y>73</y>
					</p0>
					<p1>
						<x>27</x>
						<y>80</y>
					</p1>
				</bounds>
				<base_layout />
				<landingPadLocations />
				<landed_vehicles />
			</sp>
		</value>
	</entry>
	<entry>
		<key>BUILDING_BABYLON_APARTMENTS</key>
		<value>
			<sp>
				<name>Babylon Apartments</name>
				<owner>ORG_GOVERNMENT</owner>
				<bounds>
					<p0>
						<x>34</x>
						<y>57</y>
					</p0>
					<p1>
						<x>39</x>
						<y>62</y>
					</p1>
				</bounds>
				<base_layout />
				<landingPadLocations />
				<landed_vehicles />
			</sp>
		</value>
	</entry>
	<entry>
		<key>BUILDING_BORSTAL_BLOCK</key>
		<value>
			<sp>
				<name>Borstal Block</name>
				<owner>ORG_PSYKE</owner>
				<bounds>
					<p0>
						<x>81</x>
						<y>69</y>
					</p0>
					<p1>
						<x>84</x>
						<y>73</y>
					</p1>
				</bounds>
				<base_layout />
				<landingPadLocations />
				<landed_vehicles />
			</sp>
		</value>
	</entry>
	<entry>
		<key>BUILDING_BOSCH_INSTITUTE</key>
		<value>
			<sp>
				<name>Bosch Institute</name>
				<owner>ORG_LIFETREE</owner>
				<bounds>
					<p0>
						<x>33</x>
						<y>64</y>
					</p0>
					<p1>
						<x>40</x>
						<y>71</y>
					</p1>
				</bounds>
				<base_layout />
				<landingPadLocations />
				<landed_vehicles />
			</sp>
		</value>
	</entry>
	<entry>
		<key>BUILDING_CAMPESINO_APARTMENTS</key>
		<value>
			<sp>
				<name>Campesino Apartments</name>
				<owner>ORG_DIABLO</owner>
				<bounds>
					<p0>
						<x>25</x>
						<y>92</y>
					</p0>
					<p1>
						<x>35</x>
						<y>99</y>
					</p1>
				</bounds>
				<base_layout />
				<landingPadLocations />
				<landed_vehicles />
			</sp>
		</value>
	</entry>
	<entry>
		<key>BUILDING_CAR_ONE</key>
		<value>
			<sp>
				<name>Car One</name>
				<owner>ORG_GENERAL_METRO</owner>
				<bounds>
					<p0>
						<x>76</x>
						<y>26</y>
					</p0>
					<p1>
						<x>80</x>
						<y>31</y>
					</p1>
				</bounds>
				<base_layout />
				<landingPadLocations />
				<landed_vehicles />
			</sp>
		</value>
	</entry>
	<entry>
		<key>BUILDING_CHRONOS_BLOCK</key>
		<value>
			<sp>
				<name>Chronos Block</name>
				<owner>ORG_OSIRON</owner>
				<bounds>
					<p0>
						<x>27</x>
						<y>57</y>
					</p0>
					<p1>
						<x>31</x>
						<y>61</y>
					</p1>
				</bounds>
				<base_layout />
				<landingPadLocations />
				<landed_vehicles />
			</sp>
		</value>
	</entry>
	<entry>
		<key>BUILDING_CITYCLEAN_ONE</key>
		<value>
			<sp>
				<name>Cityclean One</name>
				<owner>ORG_EVONET</owner>
				<bounds>
					<p0>
						<x>55</x>
						<y>6</y>
					</p0>
					<p1>
						<x>66</x>
						<y>11</y>
					</p1>
				</bounds>
				<base_layout />
				<landingPadLocations />
				<landed_vehicles />
			</sp>
		</value>
	</entry>
	<entry>
		<key>BUILDING_CIVIC_PROJECT</key>
		<value>
			<sp>
				<name>Civic Project</name>
				<owner>ORG_OSIRON</owner>
				<bounds>
					<p0>
						<x>29</x>
						<y>48</y>
					</p0>
					<p1>
						<x>38</x>
						<y>53</y>
					</p1>
				</bounds>
				<base_layout />
				<landingPadLocations />
				<landed_vehicles />
			</sp>
		</value>
	</entry>
	<entry>
		<key>BUILDING_CONSTRUCTION_ONE</key>
		<value>
			<sp>
				<name>Construction One</name>
				<owner>ORG_SYNTHEMESH</owner>
				<bounds>
					<p0>
						<x>68</x>
						<y>13</y>
					</p0>
					<p1>
						<x>70</x>
						<y>17</y>
					</p1>
				</bounds>
				<base_layout />
				<landingPadLocations />
				<landed_vehicles />
			</sp>
		</value>
	</entry>
	<entry>
		<key>BUILDING_CULTIVATOR_ONE</key>
		<value>
			<sp>
				<name>Cultivator One</name>
				<owner>ORG_NUTRIVEND</owner>
				<bounds>
					<p0>
						<x>73</x>
						<y>56</y>
					</p0>
					<p1>
						<x>81</x>
						<y>60</y>
					</p1>
				</bounds>
				<base_layout />
				<landingPadLocations />
				<landed_vehicles />
			</sp>
		</value>
	</entry>
	<entry>
		<key>BUILDING_DICKENS_ESTATE</key>
		<value>
			<sp>
				<name>Dickens Estate</name>
				<owner>ORG_GOVERNMENT</owner>
				<bounds>
					<p0>
						<x>36</x>
						<y>7</y>
					</p0>
					<p1>
						<x>42</x>
						<y>17</y>
					</p1>
				</bounds>
				<base_layout>BASELAYOUT_5</base_layout>
				<landingPadLocations />
				<landed_vehicles />
			</sp>
		</value>
	</entry>
	<entry>
		<key>BUILDING_EDEN_MANSIONS</key>
		<value>
			<sp>
				<name>Eden Mansions</name>
				<owner>ORG_GOVERNMENT</owner>
				<bounds>
					<p0>
						<x>30</x>
						<y>76</y>
					</p0>
					<p1>
						<x>38</x>
						<y>83</y>
					</p1>
				</bounds>
				<base_layout />
				<landingPadLocations />
				<landed_vehicles />
			</sp>
		</value>
	</entry>
	<entry>
		<key>BUILDING_EDIFICE_TOWER</key>
		<value>
			<sp>
				<name>Edifice Tower</name>
				<owner>ORG_SYNTHEMESH</owner>
				<bounds>
					<p0>
						<x>55</x>
						<y>70</y>
					</p0>
					<p1>
						<x>61</x>
						<y>77</y>
					</p1>
				</bounds>
				<base_layout />
				<landingPadLocations />
				<landed_vehicles />
			</sp>
		</value>
	</entry>
	<entry>
		<key>BUILDING_ENERGEN_BUILDING</key>
		<value>
			<sp>
				<name>Energen Building</name>
				<owner>ORG_ENERGEN</owner>
				<bounds>
					<p0>
						<x>79</x>
						<y>10</y>
					</p0>
					<p1>
						<x>83</x>
						<y>19</y>
					</p1>
				</bounds>
				<base_layout />
				<landingPadLocations />
				<landed_vehicles />
			</sp>
		</value>
	</entry>
	<entry>
		<key>BUILDING_ENFORCER_ACADEMY</key>
		<value>
			<sp>
				<name>Enforcer Academy</name>
				<owner>ORG_MEGAPOL</owner>
				<bounds>
					<p0>
						<x>42</x>
						<y>67</y>
					</p0>
					<p1>
						<x>48</x>
						<y>71</y>
					</p1>
				</bounds>
				<base_layout />
				<landingPadLocations />
				<landed_vehicles />
			</sp>
		</value>
	</entry>
	<entry>
		<key>BUILDING_FLYER_ONE</key>
		<value>
			<sp>
				<name>Flyer One</name>
				<owner>ORG_SUPERDYNAMICS</owner>
				<bounds>
					<p0>
						<x>47</x>
						<y>18</y>
					</p0>
					<p1>
						<x>53</x>
						<y>21</y>
					</p1>
				</bounds>
				<base_layout />
				<landingPadLocations />
				<landed_vehicles />
			</sp>
		</value>
	</entry>
	<entry>
		<key>BUILDING_FLYER_TWO</key>
		<value>
			<sp>
				<name>Flyer Two</name>
				<owner>ORG_MEGAPOL</owner>
				<bounds>
					<p0>
						<x>72</x>
						<y>10</y>
					</p0>
					<p1>
						<x>77</x>
						<y>17</y>
					</p1>
				</bounds>
				<base_layout />
				<landingPadLocations />
				<landed_vehicles />
			</sp>
		</value>
	</entry>
	<entry>
		<key>BUILDING_FOUCAULT_TOWER</key>
		<value>
			<sp>
				<name>Foucault Tower</name>
				<owner>ORG_ENERGEN</owner>
				<bounds>
					<p0>
						<x>53</x>
						<y>82</y>
					</p0>
					<p1>
						<x>61</x>
						<y>88</y>
					</p1>
				</bounds>
				<base_layout />
				<landingPadLocations />
				<landed_vehicles />
			</sp>
		</value>
	</entry>
	<entry>
		<key>BUILDING_GARDEN_OF_DELIGHTS</key>
		<value>
			<sp>
				<name>Garden of Delights</name>
				<owner>ORG_SANCTUARY_CLINIC</owner>
				<bounds>
					<p0>
						<x>67</x>
						<y>56</y>
					</p0>
					<p1>
						<x>71</x>
						<y>60</y>
					</p1>
				</bounds>
				<base_layout />
				<landingPadLocations />
				<landed_vehicles />
			</sp>
		</value>
	</entry>
	<entry>
		<key>BUILDING_GEORGE_ORWELL_BLOCK</key>
		<value>
			<sp>
				<name>George Orwell Block</name>
				<owner>ORG_S_E_L_F_</owner>
				<bounds>
					<p0>
						<x>25</x>
						<y>3</y>
					</p0>
					<p1>
						<x>30</x>
						<y>7</y>
					</p1>
				</bounds>
				<base_layout />
				<landingPadLocations />
				<landed_vehicles />
			</sp>
		</value>
	</entry>
	<entry>
		<key>BUILDING_GREY_VISITOR_TOWERS</key>
		<value>
			<sp>
				<name>Grey Visitor Towers</name>
				<owner>ORG_MUTANT_ALLIANCE</owner>
				<bounds>
					<p0>
						<x>21</x>
						<y>64</y>
					</p0>
					<p1>
						<x>28</x>
						<y>70</y>
					</p1>
				</bounds>
				<base_layout />
				<landingPadLocations />
				<landed_vehicles />
			</sp>
		</value>
	</entry>
	<entry>
		<key>BUILDING_GYGAX_MEMORIAL_BUILDING</key>
		<value>
			<sp>
				<name>Gygax Memorial Building</name>
				<owner>ORG_SOLMINE</owner>
				<bounds>
					<p0>
						<x>42</x>
						<y>33</y>
					</p0>
					<p1>
						<x>48</x>
						<y>40</y>
					</p1>
				</bounds>
				<base_layout />
				<landingPadLocations />
				<landed_vehicles />
			</sp>
		</value>
	</entry>
	<entry>
		<key>BUILDING_HEAVENLY_TOWERS</key>
		<value>
			<sp>
				<name>Heavenly Towers</name>
				<owner>ORG_GOVERNMENT</owner>
				<bounds>
					<p0>
						<x>68</x>
						<y>64</y>
					</p0>
					<p1>
						<x>76</x>
						<y>69</y>
					</p1>
				</bounds>
				<base_layout>BASELAYOUT_12</base_layout>
				<landingPadLocations />
				<landed_vehicles />
			</sp>
		</value>
	</entry>
	<entry>
		<key>BUILDING_HYDROZONE_ONE</key>
		<value>
			<sp>
				<name>Hydrozone One</name>
				<owner>ORG_EVONET</owner>
				<bounds>
					<p0>
						<x>48</x>
						<y>13</y>
					</p0>
					<p1>
						<x>53</x>
						<y>16</y>
					</p1>
				</bounds>
				<base_layout />
				<landingPadLocations />
				<landed_vehicles />
			</sp>
		</value>
	</entry>
	<entry>
		<key>BUILDING_ILIAD_INSTITUTE</key>
		<value>
			<sp>
				<name>Iliad Institute</name>
				<owner>ORG_LIFETREE</owner>
				<bounds>
					<p0>
						<x>37</x>
						<y>20</y>
					</p0>
					<p1>
						<x>46</x>
						<y>25</y>
					</p1>
				</bounds>
				<base_layout />
				<landingPadLocations />
				<landed_vehicles />
			</sp>
		</value>
	</entry>
	<entry>
		<key>BUILDING_JUDGMENT_CENTRAL</key>
		<value>
			<sp>
				<name>Judgment Central</name>
				<owner>ORG_MEGAPOL</owner>
				<bounds>
					<p0>
						<x>30</x>
						<y>22</y>
					</p0>
					<p1>
						<x>35</x>
						<y>25</y>
					</p1>
				</bounds>
				<base_layout />
				<landingPadLocations />
				<landed_vehicles />
			</sp>
		</value>
	</entry>
	<entry>
		<key>BUILDING_LAW_CONTROL_STATION</key>
		<value>
			<sp>
				<name>Law Control Station</name>
				<owner>ORG_MEGAPOL</owner>
				<bounds>
					<p0>
						<x>72</x>
						<y>39</y>
					</p0>
					<p1>
						<x>81</x>
						<y>49</y>
					</p1>
				</bounds>
				<base_layout />
				<landingPadLocations />
				<landed_vehicles />
			</sp>
		</value>
	</entry>
	<entry>
		<key>BUILDING_MEGAFLYER_ONE</key>
		<value>
			<sp>
				<name>Megaflyer One</name>
				<owner>ORG_MARSEC</owner>
				<bounds>
					<p0>
						<x>76</x>
						<y>21</y>
					</p0>
					<p1>
						<x>80</x>
						<y>24</y>
					</p1>
				</bounds>
				<base_layout />
				<landingPadLocations />
				<landed_vehicles />
			</sp>
		</value>
	</entry>
	<entry>
		<key>BUILDING_MEGAFLYER_TWO</key>
		<value>
			<sp>
				<name>Megaflyer Two</name>
				<owner>ORG_SUPERDYNAMICS</owner>
				<bounds>
					<p0>
						<x>91</x>
						<y>14</y>
					</p0>
					<p1>
						<x>95</x>
						<y>19</y>
					</p1>
				</bounds>
				<base_layout />
				<landingPadLocations />
				<landed_vehicles />
			</sp>
		</value>
	</entry>
	<entry>
		<key>BUILDING_MEGATRIBE_WARRIORS</key>
		<value>
			<sp>
				<name>Megatribe Warriors</name>
				<owner>ORG_GRAVBALL_LEAGUE</owner>
				<bounds>
					<p0>
						<x>63</x>
						<y>49</y>
					</p0>
					<p1>
						<x>70</x>
						<y>54</y>
					</p1>
				</bounds>
				<base_layout />
				<landingPadLocations />
				<landed_vehicles />
			</sp>
		</value>
	</entry>
	<entry>
		<key>BUILDING_MEGAVISION_ONE</key>
		<value>
			<sp>
				<name>Megavision One</name>
				<owner>ORG_SENSOVISION</owner>
				<bounds>
					<p0>
						<x>72</x>
						<y>51</y>
					</p0>
					<p1>
						<x>81</x>
						<y>54</y>
					</p1>
				</bounds>
				<base_layout />
				<landingPadLocations />
				<landed_vehicles />
			</sp>
		</value>
	</entry>
	<entry>
		<key>BUILDING_MEGAVISION_TWO</key>
		<value>
			<sp>
				<name>Megavision Two</name>
				<owner>ORG_SENSOVISION</owner>
				<bounds>
					<p0>
						<x>49</x>
						<y>33</y>
					</p0>
					<p1>
						<x>54</x>
						<y>38</y>
					</p1>
				</bounds>
				<base_layout />
				<landingPadLocations />
				<landed_vehicles />
			</sp>
		</value>
	</entry>
	<entry>
		<key>BUILDING_METEOR_KINGS</key>
		<value>
			<sp>
				<name>Meteor Kings</name>
				<owner>ORG_GRAVBALL_LEAGUE</owner>
				<bounds>
					<p0>
						<x>41</x>
						<y>27</y>
					</p0>
					<p1>
						<x>46</x>
						<y>31</y>
					</p1>
				</bounds>
				<base_layout />
				<landingPadLocations />
				<landed_vehicles />
			</sp>
		</value>
	</entry>
	<entry>
		<key>BUILDING_NIETZSCHE_INSTITUTE</key>
		<value>
			<sp>
				<name>Nietzsche Institute</name>
				<owner>ORG_NANOTECH</owner>
				<bounds>
					<p0>
						<x>23</x>
						<y>23</y>
					</p0>
					<p1>
						<x>28</x>
						<y>29</y>
					</p1>
				</bounds>
				<base_layout />
				<landingPadLocations />
				<landed_vehicles />
			</sp>
		</value>
	</entry>
	<entry>
		<key>BUILDING_NIRVANA_MANSIONS</key>
		<value>
			<sp>
				<name>Nirvana Mansions</name>
				<owner>ORG_SANCTUARY_CLINIC</owner>
				<bounds>
					<p0>
						<x>67</x>
						<y>73</y>
					</p0>
					<p1>
						<x>73</x>
						<y>77</y>
					</p1>
				</bounds>
				<base_layout />
				<landingPadLocations />
				<landed_vehicles />
			</sp>
		</value>
	</entry>
	<entry>
		<key>BUILDING_OLIVER_TWIST_BLOCK</key>
		<value>
			<sp>
				<name>Oliver Twist Block</name>
				<owner>ORG_OSIRON</owner>
				<bounds>
					<p0>
						<x>27</x>
						<y>33</y>
					</p0>
					<p1>
						<x>38</x>
						<y>37</y>
					</p1>
				</bounds>
				<base_layout />
				<landingPadLocations />
				<landed_vehicles />
			</sp>
		</value>
	</entry>
	<entry>
		<key>BUILDING_PARALLAX_TOWER</key>
		<value>
			<sp>
				<name>Parallax Tower</name>
				<owner>ORG_GOVERNMENT</owner>
				<bounds>
					<p0>
						<x>48</x>
						<y>23</y>
					</p0>
					<p1>
						<x>55</x>
						<y>31</y>
					</p1>
				</bounds>
				<base_layout />
				<landingPadLocations />
				<landed_vehicles />
			</sp>
		</value>
	</entry>
	<entry>
		<key>BUILDING_PHOENIX_SANATORIUM</key>
		<value>
			<sp>
				<name>Phoenix Sanatorium</name>
				<owner>ORG_SANCTUARY_CLINIC</owner>
				<bounds>
					<p0>
						<x>43</x>
						<y>58</y>
					</p0>
					<p1>
						<x>47</x>
						<y>62</y>
					</p1>
				</bounds>
				<base_layout />
				<landingPadLocations />
				<landed_vehicles />
			</sp>
		</value>
	</entry>
	<entry>
		<key>BUILDING_QUADRAX_TOWER</key>
		<value>
			<sp>
				<name>Quadrax Tower</name>
				<owner>ORG_NUTRIVEND</owner>
				<bounds>
					<p0>
						<x>63</x>
						<y>40</y>
					</p0>
					<p1>
						<x>70</x>
						<y>47</y>
					</p1>
				</bounds>
				<base_layout />
				<landingPadLocations />
				<landed_vehicles />
			</sp>
		</value>
	</entry>
	<entry>
		<key>BUILDING_RECYCLOTORIUM_ONE</key>
		<value>
			<sp>
				<name>Recyclotorium One</name>
				<owner>ORG_EVONET</owner>
				<bounds>
					<p0>
						<x>68</x>
						<y>7</y>
					</p0>
					<p1>
						<x>70</x>
						<y>12</y>
					</p1>
				</bounds>
				<base_layout />
				<landingPadLocations />
				<landed_vehicles />
			</sp>
		</value>
	</entry>
	<entry>
		<key>BUILDING_RESCUE_ONE</key>
		<value>
			<sp>
				<name>Rescue One</name>
				<owner>ORG_MEGAPOL</owner>
				<bounds>
					<p0>
						<x>56</x>
						<y>37</y>
					</p0>
					<p1>
						<x>61</x>
						<y>38</y>
					</p1>
				</bounds>
				<base_layout />
				<landingPadLocations />
				<landed_vehicles />
			</sp>
		</value>
	</entry>
	<entry>
		<key>BUILDING_ROBOT_ONE</key>
		<value>
			<sp>
				<name>Robot One</name>
				<owner>ORG_CYBERWEB</owner>
				<bounds>
					<p0>
						<x>48</x>
						<y>7</y>
					</p0>
					<p1>
						<x>53</x>
						<y>11</y>
					</p1>
				</bounds>
				<base_layout />
				<landingPadLocations />
				<landed_vehicles />
			</sp>
		</value>
	</entry>
	<entry>
		<key>BUILDING_SCROOGE_MANSIONS</key>
		<value>
			<sp>
				<name>Scrooge Mansions</name>
				<owner>ORG_DIABLO</owner>
				<bounds>
					<p0>
						<x>42</x>
						<y>86</y>
					</p0>
					<p1>
						<x>48</x>
						<y>89</y>
					</p1>
				</bounds>
				<base_layout />
				<landingPadLocations />
				<landed_vehicles />
			</sp>
		</value>
	</entry>
	<entry>
		<key>BUILDING_TEMPLE_OF_THE_APOCALYPSE</key>
		<value>
			<sp>
				<name>Temple of the Apocalypse</name>
				<owner>ORG_CULT_OF_SIRIUS</owner>
				<bounds>
					<p0>
						<x>63</x>
						<y>67</y>
					</p0>
					<p1>
						<x>65</x>
						<y>70</y>
					</p1>
				</bounds>
				<base_layout />
				<landingPadLocations />
				<landed_vehicles />
			</sp>
		</value>
	</entry>
	<entry>
		<key>BUILDING_TEMPLE_OF_THE_MILLENIUM</key>
		<value>
			<sp>
				<name>Temple of the Millenium</name>
				<owner>ORG_CULT_OF_SIRIUS</owner>
				<bounds>
					<p0>
						<x>57</x>
						<y>23</y>
					</p0>
					<p1>
						<x>61</x>
						<y>26</y>
					</p1>
				</bounds>
				<base_layout />
				<landingPadLocations />
				<landed_vehicles />
			</sp>
		</value>
	</entry>
	<entry>
		<key>BUILDING_THE_KARPOV_BUILDING</key>
		<value>
			<sp>
				<name>The Karpov Building</name>
				<owner>ORG_CYBERWEB</owner>
				<bounds>
					<p0>
						<x>6</x>
						<y>19</y>
					</p0>
					<p1>
						<x>11</x>
						<y>24</y>
					</p1>
				</bounds>
				<base_layout />
				<landingPadLocations />
				<landed_vehicles />
			</sp>
		</value>
	</entry>
	<entry>
		<key>BUILDING_THE_OZONE_BUILDING</key>
		<value>
			<sp>
				<name>The Ozone Building</name>
				<owner>ORG_EXTROPIANS</owner>
				<bounds>
					<p0>
						<x>42</x>
						<y>76</y>
					</p0>
					<p1>
						<x>49</x>
						<y>81</y>
					</p1>
				</bounds>
				<base_layout />
				<landingPadLocations />
				<landed_vehicles />
			</sp>
		</value>
	</entry>
	<entry>
		<key>BUILDING_THE_SENATE</key>
		<value>
			<sp>
				<name>The Senate</name>
				<owner>ORG_GOVERNMENT</owner>
				<bounds>
					<p0>
						<x>12</x>
						<y>13</y>
					</p0>
					<p1>
						<x>21</x>
						<y>19</y>
					</p1>
				</bounds>
				<base_layout />
				<landingPadLocations />
				<landed_vehicles />
			</sp>
		</value>
	</entry>
	<entry>
		<key>BUILDING_THOMAS_MORE_TOWER</key>
		<value>
			<sp>
				<name>Thomas More Tower</name>
				<owner>ORG_S_E_L_F_</owner>
				<bounds>
					<p0>
						<x>25</x>
						<y>11</y>
					</p0>
					<p1>
						<x>32</x>
						<y>18</y>
					</p1>
				</bounds>
				<base_layout />
				<landingPadLocations />
				<landed_vehicles />
			</sp>
		</value>
	</entry>
	<entry>
		<key>BUILDING_TRANSTELLAR_SPACELINES</key>
		<value>
			<sp>
				<name>Transtellar Spacelines</name>
				<owner>ORG_TRANSTELLAR</owner>
				<bounds>
					<p0>
						<x>43</x>
						<y>42</y>
					</p0>
					<p1>
						<x>58</x>
						<y>55</y>
					</p1>
				</bounds>
				<base_layout />
				<landingPadLocations />
				<landed_vehicles />
			</sp>
		</value>
	</entry>
	<entry>
		<key>BUILDING_UHURU_TOWER</key>
		<value>
			<sp>
				<name>Uhuru Tower</name>
				<owner>ORG_TECHNOCRATS</owner>
				<bounds>
					<p0>
						<x>6</x>
						<y>7</y>
					</p0>
					<p1>
						<x>10</x>
						<y>13</y>
					</p1>
				</bounds>
				<base_layout />
				<landingPadLocations />
				<landed_vehicles />
			</sp>
		</value>
	</entry>
	<entry>
		<key>BUILDING_UTOPIA_MANSIONS</key>
		<value>
			<sp>
				<name>Utopia Mansions</name>
				<owner>ORG_LIFETREE</owner>
				<bounds>
					<p0>
						<x>65</x>
						<y>80</y>
					</p0>
					<p1>
						<x>76</x>
						<y>89</y>
					</p1>
				</bounds>
				<base_layout />
				<landingPadLocations />
				<landed_vehicles />
			</sp>
		</value>
	</entry>
	<entry>
		<key>BUILDING_WAREHOUSE_EIGHT</key>
		<value>
			<sp>
				<name>Warehouse Eight</name>
				<owner>ORG_SUPERDYNAMICS</owner>
				<bounds>
					<p0>
						<x>82</x>
						<y>27</y>
					</p0>
					<p1>
						<x>85</x>
						<y>31</y>
					</p1>
				</bounds>
				<base_layout />
				<landingPadLocations />
				<landed_vehicles />
			</sp>
		</value>
	</entry>
	<entry>
		<key>BUILDING_WAREHOUSE_FIVE</key>
		<value>
			<sp>
				<name>Warehouse Five</name>
				<owner>ORG_SOLMINE</owner>
				<bounds>
					<p0>
						<x>68</x>
						<y>19</y>
					</p0>
					<p1>
						<x>70</x>
						<y>24</y>
					</p1>
				</bounds>
				<base_layout />
				<landingPadLocations />
				<landed_vehicles />
			</sp>
		</value>
	</entry>
	<entry>
		<key>BUILDING_WAREHOUSE_FOUR</key>
		<value>
			<sp>
				<name>Warehouse Four</name>
				<owner>ORG_GOVERNMENT</owner>
				<bounds>
					<p0>
						<x>63</x>
						<y>13</y>
					</p0>
					<p1>
						<x>66</x>
						<y>18</y>
					</p1>
				</bounds>
				<base_layout>BASELAYOUT_3</base_layout>
				<landingPadLocations />
				<landed_vehicles />
			</sp>
		</value>
	</entry>
	<entry>
		<key>BUILDING_WAREHOUSE_NINE</key>
		<value>
			<sp>
				<name>Warehouse Nine</name>
				<owner>ORG_GOVERNMENT</owner>
				<bounds>
					<p0>
						<x>85</x>
						<y>14</y>
					</p0>
					<p1>
						<x>89</x>
						<y>18</y>
					</p1>
				</bounds>
				<base_layout>BASELAYOUT_0</base_layout>
				<landingPadLocations />
				<landed_vehicles />
			</sp>
		</value>
	</entry>
	<entry>
		<key>BUILDING_WAREHOUSE_ONE</key>
		<value>
			<sp>
				<name>Warehouse One</name>
				<owner>ORG_OSIRON</owner>
				<bounds>
					<p0>
						<x>34</x>
						<y>44</y>
					</p0>
					<p1>
						<x>39</x>
						<y>47</y>
					</p1>
				</bounds>
				<base_layout />
				<landingPadLocations />
				<landed_vehicles />
			</sp>
		</value>
	</entry>
	<entry>
		<key>BUILDING_WAREHOUSE_SEVEN</key>
		<value>
			<sp>
				<name>Warehouse Seven</name>
				<owner>ORG_GOVERNMENT</owner>
				<bounds>
					<p0>
						<x>82</x>
						<y>33</y>
					</p0>
					<p1>
						<x>85</x>
						<y>37</y>
					</p1>
				</bounds>
				<base_layout>BASELAYOUT_12</base_layout>
				<landingPadLocations />
				<landed_vehicles />
			</sp>
		</value>
	</entry>
	<entry>
		<key>BUILDING_WAREHOUSE_SIX</key>
		<value>
			<sp>
				<name>Warehouse Six</name>
				<owner>ORG_SOLMINE</owner>
				<bounds>
					<p0>
						<x>72</x>
						<y>19</y>
					</p0>
					<p1>
						<x>74</x>
						<y>24</y>
					</p1>
				</bounds>
				<base_layout />
				<landingPadLocations />
				<landed_vehicles />
			</sp>
		</value>
	</entry>
	<entry>
		<key>BUILDING_WAREHOUSE_THREE</key>
		<value>
			<sp>
				<name>Warehouse Three</name>
				<owner>ORG_GOVERNMENT</owner>
				<bounds>
					<p0>
						<x>63</x>
						<y>56</y>
					</p0>
					<p1>
						<x>65</x>
						<y>60</y>
					</p1>
				</bounds>
				<base_layout>BASELAYOUT_2</base_layout>
				<landingPadLocations />
				<landed_vehicles />
			</sp>
		</value>
	</entry>
	<entry>
		<key>BUILDING_WAREHOUSE_TWO</key>
		<value>
			<sp>
				<name>Warehouse Two</name>
				<owner>ORG_MARSEC</owner>
				<bounds>
					<p0>
						<x>34</x>
						<y>39</y>
					</p0>
					<p1>
						<x>39</x>
						<y>43</y>
					</p1>
				</bounds>
				<base_layout />
				<landingPadLocations />
				<landed_vehicles />
			</sp>
		</value>
	</entry>
</buildings>
