<?xml version="1.0"?>
<CITYMAP_ALIEN>
	<sp>
		<size>
			<x>100</x>
			<y>100</y>
			<z>10</z>
		</size>
		<xi:include href="tile_types.xml" xmlns:xi="http://www.w3.org/2001/XInclude" />
		<xi:include href="initial_tiles.xml" xmlns:xi="http://www.w3.org/2001/XInclude" />
		<xi:include href="buildings.xml" xmlns:xi="http://www.w3.org/2001/XInclude" />
		<xi:include href="scenery.xml" xmlns:xi="http://www.w3.org/2001/XInclude" />
		<xi:include href="doodads.xml" xmlns:xi="http://www.w3.org/2001/XInclude" />
		<xi:include href="projectiles.xml" xmlns:xi="http://www.w3.org/2001/XInclude" />
	</sp>
</CITYMAP_ALIEN>
