<?xml version="1.0"?>
<doodad_types>
	<entry>
		<key>DOODAD_EXPLOSION_0</key>
		<value>
			<sp>
				<lifetime>35</lifetime>
				<imageOffset>
					<x>31</x>
					<y>25</y>
				</imageOffset>
				<frames>
					<entry>
						<image>PCK:xcom3/UFODATA/PTANG.PCK:xcom3/UFODATA/PTANG.TAB:3</image>
						<time>5</time>
					</entry>
					<entry>
						<image>PCK:xcom3/UFODATA/PTANG.PCK:xcom3/UFODATA/PTANG.TAB:2</image>
						<time>5</time>
					</entry>
					<entry>
						<image>PCK:xcom3/UFODATA/PTANG.PCK:xcom3/UFODATA/PTANG.TAB:1</image>
						<time>5</time>
					</entry>
					<entry>
						<image>PCK:xcom3/UFODATA/PTANG.PCK:xcom3/UFODATA/PTANG.TAB:0</image>
						<time>5</time>
					</entry>
					<entry>
						<image>PCK:xcom3/UFODATA/PTANG.PCK:xcom3/UFODATA/PTANG.TAB:1</image>
						<time>5</time>
					</entry>
					<entry>
						<image>PCK:xcom3/UFODATA/PTANG.PCK:xcom3/UFODATA/PTANG.TAB:2</image>
						<time>5</time>
					</entry>
					<entry>
						<image>PCK:xcom3/UFODATA/PTANG.PCK:xcom3/UFODATA/PTANG.TAB:3</image>
						<time>5</time>
					</entry>
				</frames>
			</sp>
		</value>
	</entry>
	<entry>
		<key>DOODAD_EXPLOSION_2</key>
		<value>
			<sp>
				<lifetime>95</lifetime>
				<imageOffset>
					<x>31</x>
					<y>25</y>
				</imageOffset>
				<frames>
					<entry>
						<image>PCK:xcom3/UFODATA/PTANG.PCK:xcom3/UFODATA/PTANG.TAB:8</image>
						<time>5</time>
					</entry>
					<entry>
						<image>PCK:xcom3/UFODATA/PTANG.PCK:xcom3/UFODATA/PTANG.TAB:9</image>
						<time>5</time>
					</entry>
					<entry>
						<image>PCK:xcom3/UFODATA/PTANG.PCK:xcom3/UFODATA/PTANG.TAB:10</image>
						<time>5</time>
					</entry>
					<entry>
						<image>PCK:xcom3/UFODATA/PTANG.PCK:xcom3/UFODATA/PTANG.TAB:11</image>
						<time>5</time>
					</entry>
					<entry>
						<image>PCK:xcom3/UFODATA/PTANG.PCK:xcom3/UFODATA/PTANG.TAB:12</image>
						<time>5</time>
					</entry>
					<entry>
						<image>PCK:xcom3/UFODATA/PTANG.PCK:xcom3/UFODATA/PTANG.TAB:13</image>
						<time>5</time>
					</entry>
					<entry>
						<image>PCK:xcom3/UFODATA/PTANG.PCK:xcom3/UFODATA/PTANG.TAB:14</image>
						<time>5</time>
					</entry>
					<entry>
						<image>PCK:xcom3/UFODATA/PTANG.PCK:xcom3/UFODATA/PTANG.TAB:15</image>
						<time>5</time>
					</entry>
					<entry>
						<image>PCK:xcom3/UFODATA/PTANG.PCK:xcom3/UFODATA/PTANG.TAB:16</image>
						<time>5</time>
					</entry>
					<entry>
						<image>PCK:xcom3/UFODATA/PTANG.PCK:xcom3/UFODATA/PTANG.TAB:17</image>
						<time>5</time>
					</entry>
					<entry>
						<image>PCK:xcom3/UFODATA/PTANG.PCK:xcom3/UFODATA/PTANG.TAB:18</image>
						<time>5</time>
					</entry>
					<entry>
						<image>PCK:xcom3/UFODATA/PTANG.PCK:xcom3/UFODATA/PTANG.TAB:19</image>
						<time>5</time>
					</entry>
					<entry>
						<image>PCK:xcom3/UFODATA/PTANG.PCK:xcom3/UFODATA/PTANG.TAB:20</image>
						<time>5</time>
					</entry>
					<entry>
						<image>PCK:xcom3/UFODATA/PTANG.PCK:xcom3/UFODATA/PTANG.TAB:21</image>
						<time>5</time>
					</entry>
					<entry>
						<image>PCK:xcom3/UFODATA/PTANG.PCK:xcom3/UFODATA/PTANG.TAB:22</image>
						<time>5</time>
					</entry>
					<entry>
						<image>PCK:xcom3/UFODATA/PTANG.PCK:xcom3/UFODATA/PTANG.TAB:23</image>
						<time>5</time>
					</entry>
					<entry>
						<image>PCK:xcom3/UFODATA/PTANG.PCK:xcom3/UFODATA/PTANG.TAB:24</image>
						<time>5</time>
					</entry>
					<entry>
						<image>PCK:xcom3/UFODATA/PTANG.PCK:xcom3/UFODATA/PTANG.TAB:25</image>
						<time>5</time>
					</entry>
					<entry>
						<image>PCK:xcom3/UFODATA/PTANG.PCK:xcom3/UFODATA/PTANG.TAB:26</image>
						<time>5</time>
					</entry>
					<entry>
						<image>PCK:xcom3/UFODATA/PTANG.PCK:xcom3/UFODATA/PTANG.TAB:27</image>
						<time>5</time>
					</entry>
				</frames>
			</sp>
		</value>
	</entry>
	<entry>
		<key>DOODAD_EXPLOSION_3</key>
		<value>
			<sp>
				<lifetime>65</lifetime>
				<imageOffset>
					<x>31</x>
					<y>25</y>
				</imageOffset>
				<frames>
					<entry>
						<image>PCK:xcom3/UFODATA/PTANG.PCK:xcom3/UFODATA/PTANG.TAB:29</image>
						<time>5</time>
					</entry>
					<entry>
						<image>PCK:xcom3/UFODATA/PTANG.PCK:xcom3/UFODATA/PTANG.TAB:30</image>
						<time>5</time>
					</entry>
					<entry>
						<image>PCK:xcom3/UFODATA/PTANG.PCK:xcom3/UFODATA/PTANG.TAB:31</image>
						<time>5</time>
					</entry>
					<entry>
						<image>PCK:xcom3/UFODATA/PTANG.PCK:xcom3/UFODATA/PTANG.TAB:32</image>
						<time>5</time>
					</entry>
					<entry>
						<image>PCK:xcom3/UFODATA/PTANG.PCK:xcom3/UFODATA/PTANG.TAB:33</image>
						<time>5</time>
					</entry>
					<entry>
						<image>PCK:xcom3/UFODATA/PTANG.PCK:xcom3/UFODATA/PTANG.TAB:34</image>
						<time>5</time>
					</entry>
					<entry>
						<image>PCK:xcom3/UFODATA/PTANG.PCK:xcom3/UFODATA/PTANG.TAB:35</image>
						<time>5</time>
					</entry>
					<entry>
						<image>PCK:xcom3/UFODATA/PTANG.PCK:xcom3/UFODATA/PTANG.TAB:36</image>
						<time>5</time>
					</entry>
					<entry>
						<image>PCK:xcom3/UFODATA/PTANG.PCK:xcom3/UFODATA/PTANG.TAB:37</image>
						<time>5</time>
					</entry>
					<entry>
						<image>PCK:xcom3/UFODATA/PTANG.PCK:xcom3/UFODATA/PTANG.TAB:38</image>
						<time>5</time>
					</entry>
					<entry>
						<image>PCK:xcom3/UFODATA/PTANG.PCK:xcom3/UFODATA/PTANG.TAB:39</image>
						<time>5</time>
					</entry>
					<entry>
						<image>PCK:xcom3/UFODATA/PTANG.PCK:xcom3/UFODATA/PTANG.TAB:40</image>
						<time>5</time>
					</entry>
					<entry>
						<image>PCK:xcom3/UFODATA/PTANG.PCK:xcom3/UFODATA/PTANG.TAB:41</image>
						<time>5</time>
					</entry>
				</frames>
			</sp>
		</value>
	</entry>
</doodad_types>
