<?xml version="1.0"?>
<vehicle_equipment>
	<entry>
		<key>VEQUIPMENTTYPE_40MM_AUTO_CANNON</key>
		<value>
			<sp>
				<type>weapon</type>
				<id>VEQUIPMENTTYPE_40MM_AUTO_CANNON</id>
				<name>40mm Auto Cannon</name>
				<weight>60</weight>
				<max_ammo>300</max_ammo>
				<ammo_type>3</ammo_type>
				<equipscreen_sprite>PCK:xcom3/ufodata/vehequip.pck:xcom3/ufodata/vehequip.tab:8:xcom3/ufodata/vhawk.pcx</equipscreen_sprite>
				<equipscreen_size>
					<x>1</x>
					<y>2</y>
				</equipscreen_size>
				<manufacturer>ORG_MEGAPOL</manufacturer>
				<store_space>30</store_space>
				<users>
					<entry>air</entry>
				</users>
				<speed>20</speed>
				<projectile_image>2</projectile_image>
				<damage>10</damage>
				<accuracy>30</accuracy>
				<fire_delay>6</fire_delay>
				<tail_size>7</tail_size>
				<range>350</range>
				<firing_arc_1>2</firing_arc_1>
				<firing_arc_2>2</firing_arc_2>
				<point_defence>false</point_defence>
				<fire_sfx />
				<explosion_graphic>1</explosion_graphic>
				<icon>PCK:xcom3/ufodata/vs_obs.pck:xcom3/ufodata/vs_obs.tab:8</icon>
				<power>0</power>
				<top_speed>0</top_speed>
				<accuracy_modifier>0</accuracy_modifier>
				<cargo_space>0</cargo_space>
				<passengers>0</passengers>
				<alien_space>0</alien_space>
				<missile_jamming>0</missile_jamming>
				<shielding>0</shielding>
				<cloaking>false</cloaking>
				<teleporting>false</teleporting>
			</sp>
		</value>
	</entry>
	<entry>
		<key>VEQUIPMENTTYPE_40MM_AUTO_CANNON_TURRET</key>
		<value>
			<sp>
				<type>weapon</type>
				<id>VEQUIPMENTTYPE_40MM_AUTO_CANNON_TURRET</id>
				<name>40mm Auto Cannon Turret</name>
				<weight>20</weight>
				<max_ammo>500</max_ammo>
				<ammo_type>11</ammo_type>
				<equipscreen_sprite>PCK:xcom3/ufodata/vehequip.pck:xcom3/ufodata/vehequip.tab:24:xcom3/ufodata/vhawk.pcx</equipscreen_sprite>
				<equipscreen_size>
					<x>2</x>
					<y>2</y>
				</equipscreen_size>
				<manufacturer>ORG_MEGAPOL</manufacturer>
				<store_space>40</store_space>
				<users>
					<entry>ground</entry>
				</users>
				<speed>20</speed>
				<projectile_image>2</projectile_image>
				<damage>14</damage>
				<accuracy>30</accuracy>
				<fire_delay>6</fire_delay>
				<tail_size>7</tail_size>
				<range>300</range>
				<firing_arc_1>8</firing_arc_1>
				<firing_arc_2>8</firing_arc_2>
				<point_defence>false</point_defence>
				<fire_sfx />
				<explosion_graphic>1</explosion_graphic>
				<icon>PCK:xcom3/ufodata/vs_obs.pck:xcom3/ufodata/vs_obs.tab:18</icon>
				<power>0</power>
				<top_speed>0</top_speed>
				<accuracy_modifier>0</accuracy_modifier>
				<cargo_space>0</cargo_space>
				<passengers>0</passengers>
				<alien_space>0</alien_space>
				<missile_jamming>0</missile_jamming>
				<shielding>0</shielding>
				<cloaking>false</cloaking>
				<teleporting>false</teleporting>
			</sp>
		</value>
	</entry>
	<entry>
		<key>VEQUIPMENTTYPE_ADVANCED_CONTROL_SYSTEM</key>
		<value>
			<sp>
				<type>general</type>
				<id>VEQUIPMENTTYPE_ADVANCED_CONTROL_SYSTEM</id>
				<name>Advanced Control System</name>
				<weight>16</weight>
				<max_ammo>0</max_ammo>
				<ammo_type>65535</ammo_type>
				<equipscreen_sprite>PCK:xcom3/ufodata/vehequip.pck:xcom3/ufodata/vehequip.tab:38:xcom3/ufodata/vhawk.pcx</equipscreen_sprite>
				<equipscreen_size>
					<x>2</x>
					<y>2</y>
				</equipscreen_size>
				<manufacturer>ORG_X-COM</manufacturer>
				<store_space>40</store_space>
				<users>
					<entry>ground</entry>
					<entry>air</entry>
				</users>
				<speed>0</speed>
				<projectile_image>0</projectile_image>
				<damage>0</damage>
				<accuracy>0</accuracy>
				<fire_delay>0</fire_delay>
				<tail_size>0</tail_size>
				<range>0</range>
				<firing_arc_1>0</firing_arc_1>
				<firing_arc_2>0</firing_arc_2>
				<point_defence>false</point_defence>
				<fire_sfx />
				<explosion_graphic>744087408</explosion_graphic>
				<icon />
				<power>0</power>
				<top_speed>0</top_speed>
				<accuracy_modifier>0</accuracy_modifier>
				<cargo_space>0</cargo_space>
				<passengers>0</passengers>
				<alien_space>0</alien_space>
				<missile_jamming>0</missile_jamming>
				<shielding>0</shielding>
				<cloaking>false</cloaking>
				<teleporting>false</teleporting>
			</sp>
		</value>
	</entry>
	<entry>
		<key>VEQUIPMENTTYPE_AIRGUARD_ANTI-AIR_CANNON</key>
		<value>
			<sp>
				<type>weapon</type>
				<id>VEQUIPMENTTYPE_AIRGUARD_ANTI-AIR_CANNON</id>
				<name>Airguard Anti-Air Cannon</name>
				<weight>25</weight>
				<max_ammo>600</max_ammo>
				<ammo_type>12</ammo_type>
				<equipscreen_sprite>PCK:xcom3/ufodata/vehequip.pck:xcom3/ufodata/vehequip.tab:25:xcom3/ufodata/vhawk.pcx</equipscreen_sprite>
				<equipscreen_size>
					<x>2</x>
					<y>2</y>
				</equipscreen_size>
				<manufacturer>ORG_MARSEC</manufacturer>
				<store_space>40</store_space>
				<users>
					<entry>ground</entry>
				</users>
				<speed>15</speed>
				<projectile_image>2</projectile_image>
				<damage>16</damage>
				<accuracy>28</accuracy>
				<fire_delay>18</fire_delay>
				<tail_size>7</tail_size>
				<range>360</range>
				<firing_arc_1>8</firing_arc_1>
				<firing_arc_2>8</firing_arc_2>
				<point_defence>false</point_defence>
				<fire_sfx />
				<explosion_graphic>2</explosion_graphic>
				<icon>PCK:xcom3/ufodata/vs_obs.pck:xcom3/ufodata/vs_obs.tab:19</icon>
				<power>0</power>
				<top_speed>0</top_speed>
				<accuracy_modifier>0</accuracy_modifier>
				<cargo_space>0</cargo_space>
				<passengers>0</passengers>
				<alien_space>0</alien_space>
				<missile_jamming>0</missile_jamming>
				<shielding>0</shielding>
				<cloaking>false</cloaking>
				<teleporting>false</teleporting>
			</sp>
		</value>
	</entry>
	<entry>
		<key>VEQUIPMENTTYPE_BIO-TRANSPORT_MODULE</key>
		<value>
			<sp>
				<type>general</type>
				<id>VEQUIPMENTTYPE_BIO-TRANSPORT_MODULE</id>
				<name>Bio-Transport Module</name>
				<weight>65</weight>
				<max_ammo>0</max_ammo>
				<ammo_type>65535</ammo_type>
				<equipscreen_sprite>PCK:xcom3/ufodata/vehequip.pck:xcom3/ufodata/vehequip.tab:41:xcom3/ufodata/vhawk.pcx</equipscreen_sprite>
				<equipscreen_size>
					<x>2</x>
					<y>2</y>
				</equipscreen_size>
				<manufacturer>ORG_X-COM</manufacturer>
				<store_space>40</store_space>
				<users>
					<entry>ground</entry>
					<entry>air</entry>
				</users>
				<speed>0</speed>
				<projectile_image>0</projectile_image>
				<damage>0</damage>
				<accuracy>0</accuracy>
				<fire_delay>0</fire_delay>
				<tail_size>0</tail_size>
				<range>0</range>
				<firing_arc_1>0</firing_arc_1>
				<firing_arc_2>0</firing_arc_2>
				<point_defence>false</point_defence>
				<fire_sfx />
				<explosion_graphic>744998544</explosion_graphic>
				<icon />
				<power>0</power>
				<top_speed>0</top_speed>
				<accuracy_modifier>0</accuracy_modifier>
				<cargo_space>0</cargo_space>
				<passengers>0</passengers>
				<alien_space>20</alien_space>
				<missile_jamming>0</missile_jamming>
				<shielding>0</shielding>
				<cloaking>false</cloaking>
				<teleporting>false</teleporting>
			</sp>
		</value>
	</entry>
	<entry>
		<key>VEQUIPMENTTYPE_BOLTER_4000_LASER_GUN</key>
		<value>
			<sp>
				<type>weapon</type>
				<id>VEQUIPMENTTYPE_BOLTER_4000_LASER_GUN</id>
				<name>Bolter 4000 Laser Gun</name>
				<weight>50</weight>
				<max_ammo>0</max_ammo>
				<ammo_type>65535</ammo_type>
				<equipscreen_sprite>PCK:xcom3/ufodata/vehequip.pck:xcom3/ufodata/vehequip.tab:0:xcom3/ufodata/vhawk.pcx</equipscreen_sprite>
				<equipscreen_size>
					<x>1</x>
					<y>3</y>
				</equipscreen_size>
				<manufacturer>ORG_MEGAPOL</manufacturer>
				<store_space>40</store_space>
				<users>
					<entry>air</entry>
				</users>
				<speed>38</speed>
				<projectile_image>4</projectile_image>
				<damage>12</damage>
				<accuracy>45</accuracy>
				<fire_delay>12</fire_delay>
				<tail_size>22</tail_size>
				<range>400</range>
				<firing_arc_1>2</firing_arc_1>
				<firing_arc_2>2</firing_arc_2>
				<point_defence>false</point_defence>
				<fire_sfx />
				<explosion_graphic>8</explosion_graphic>
				<icon>PCK:xcom3/ufodata/vs_obs.pck:xcom3/ufodata/vs_obs.tab:0</icon>
				<power>0</power>
				<top_speed>0</top_speed>
				<accuracy_modifier>0</accuracy_modifier>
				<cargo_space>0</cargo_space>
				<passengers>0</passengers>
				<alien_space>0</alien_space>
				<missile_jamming>0</missile_jamming>
				<shielding>0</shielding>
				<cloaking>false</cloaking>
				<teleporting>false</teleporting>
			</sp>
		</value>
	</entry>
	<entry>
		<key>VEQUIPMENTTYPE_CARGO_MODULE</key>
		<value>
			<sp>
				<type>general</type>
				<id>VEQUIPMENTTYPE_CARGO_MODULE</id>
				<name>Cargo Module</name>
				<weight>55</weight>
				<max_ammo>0</max_ammo>
				<ammo_type>65535</ammo_type>
				<equipscreen_sprite>PCK:xcom3/ufodata/vehequip.pck:xcom3/ufodata/vehequip.tab:39:xcom3/ufodata/vhawk.pcx</equipscreen_sprite>
				<equipscreen_size>
					<x>2</x>
					<y>2</y>
				</equipscreen_size>
				<manufacturer>ORG_SUPERDYNAMICS</manufacturer>
				<store_space>40</store_space>
				<users>
					<entry>ground</entry>
					<entry>air</entry>
				</users>
				<speed>0</speed>
				<projectile_image>0</projectile_image>
				<damage>0</damage>
				<accuracy>0</accuracy>
				<fire_delay>0</fire_delay>
				<tail_size>0</tail_size>
				<range>0</range>
				<firing_arc_1>0</firing_arc_1>
				<firing_arc_2>0</firing_arc_2>
				<point_defence>false</point_defence>
				<fire_sfx />
				<explosion_graphic>744996688</explosion_graphic>
				<icon />
				<power>0</power>
				<top_speed>0</top_speed>
				<accuracy_modifier>0</accuracy_modifier>
				<cargo_space>50</cargo_space>
				<passengers>0</passengers>
				<alien_space>0</alien_space>
				<missile_jamming>0</missile_jamming>
				<shielding>0</shielding>
				<cloaking>false</cloaking>
				<teleporting>false</teleporting>
			</sp>
		</value>
	</entry>
	<entry>
		<key>VEQUIPMENTTYPE_CLOAKING_FIELD</key>
		<value>
			<sp>
				<type>general</type>
				<id>VEQUIPMENTTYPE_CLOAKING_FIELD</id>
				<name>Cloaking Field</name>
				<weight>80</weight>
				<max_ammo>0</max_ammo>
				<ammo_type>65535</ammo_type>
				<equipscreen_sprite>PCK:xcom3/ufodata/vehequip.pck:xcom3/ufodata/vehequip.tab:45:xcom3/ufodata/vhawk.pcx</equipscreen_sprite>
				<equipscreen_size>
					<x>3</x>
					<y>4</y>
				</equipscreen_size>
				<manufacturer>ORG_X-COM</manufacturer>
				<store_space>90</store_space>
				<users>
					<entry>ground</entry>
					<entry>air</entry>
				</users>
				<speed>0</speed>
				<projectile_image>0</projectile_image>
				<damage>0</damage>
				<accuracy>0</accuracy>
				<fire_delay>0</fire_delay>
				<tail_size>0</tail_size>
				<range>0</range>
				<firing_arc_1>0</firing_arc_1>
				<firing_arc_2>0</firing_arc_2>
				<point_defence>false</point_defence>
				<fire_sfx />
				<explosion_graphic>744086640</explosion_graphic>
				<icon />
				<power>0</power>
				<top_speed>0</top_speed>
				<accuracy_modifier>0</accuracy_modifier>
				<cargo_space>0</cargo_space>
				<passengers>0</passengers>
				<alien_space>0</alien_space>
				<missile_jamming>20</missile_jamming>
				<shielding>0</shielding>
				<cloaking>true</cloaking>
				<teleporting>false</teleporting>
			</sp>
		</value>
	</entry>
	<entry>
		<key>VEQUIPMENTTYPE_DISRUPTOR_BOMB_LAUNCHER</key>
		<value>
			<sp>
				<type>weapon</type>
				<id>VEQUIPMENTTYPE_DISRUPTOR_BOMB_LAUNCHER</id>
				<name>Disruptor Bomb Launcher</name>
				<weight>120</weight>
				<max_ammo>32</max_ammo>
				<ammo_type>8</ammo_type>
				<equipscreen_sprite>PCK:xcom3/ufodata/vehequip.pck:xcom3/ufodata/vehequip.tab:13:xcom3/ufodata/vhawk.pcx</equipscreen_sprite>
				<equipscreen_size>
					<x>2</x>
					<y>3</y>
				</equipscreen_size>
				<manufacturer>ORG_X-COM</manufacturer>
				<store_space>80</store_space>
				<users>
					<entry>air</entry>
				</users>
				<speed>16</speed>
				<projectile_image>12</projectile_image>
				<damage>94</damage>
				<accuracy>18</accuracy>
				<fire_delay>90</fire_delay>
				<tail_size>20</tail_size>
				<range>900</range>
				<firing_arc_1>6</firing_arc_1>
				<firing_arc_2>6</firing_arc_2>
				<point_defence>false</point_defence>
				<fire_sfx />
				<explosion_graphic>0</explosion_graphic>
				<icon>PCK:xcom3/ufodata/vs_obs.pck:xcom3/ufodata/vs_obs.tab:13</icon>
				<power>0</power>
				<top_speed>0</top_speed>
				<accuracy_modifier>0</accuracy_modifier>
				<cargo_space>0</cargo_space>
				<passengers>0</passengers>
				<alien_space>0</alien_space>
				<missile_jamming>0</missile_jamming>
				<shielding>0</shielding>
				<cloaking>false</cloaking>
				<teleporting>false</teleporting>
			</sp>
		</value>
	</entry>
	<entry>
		<key>VEQUIPMENTTYPE_DISRUPTOR_MULTI-BOMB_LAUNCHER</key>
		<value>
			<sp>
				<type>weapon</type>
				<id>VEQUIPMENTTYPE_DISRUPTOR_MULTI-BOMB_LAUNCHER</id>
				<name>Disruptor Multi-Bomb Launcher</name>
				<weight>180</weight>
				<max_ammo>12</max_ammo>
				<ammo_type>10</ammo_type>
				<equipscreen_sprite>PCK:xcom3/ufodata/vehequip.pck:xcom3/ufodata/vehequip.tab:15:xcom3/ufodata/vhawk.pcx</equipscreen_sprite>
				<equipscreen_size>
					<x>2</x>
					<y>4</y>
				</equipscreen_size>
				<manufacturer>ORG_X-COM</manufacturer>
				<store_space>80</store_space>
				<users>
					<entry>air</entry>
				</users>
				<speed>12</speed>
				<projectile_image>14</projectile_image>
				<damage>98</damage>
				<accuracy>16</accuracy>
				<fire_delay>120</fire_delay>
				<tail_size>35</tail_size>
				<range>500</range>
				<firing_arc_1>6</firing_arc_1>
				<firing_arc_2>6</firing_arc_2>
				<point_defence>false</point_defence>
				<fire_sfx />
				<explosion_graphic>0</explosion_graphic>
				<icon>PCK:xcom3/ufodata/vs_obs.pck:xcom3/ufodata/vs_obs.tab:15</icon>
				<power>0</power>
				<top_speed>0</top_speed>
				<accuracy_modifier>0</accuracy_modifier>
				<cargo_space>0</cargo_space>
				<passengers>0</passengers>
				<alien_space>0</alien_space>
				<missile_jamming>0</missile_jamming>
				<shielding>0</shielding>
				<cloaking>false</cloaking>
				<teleporting>false</teleporting>
			</sp>
		</value>
	</entry>
	<entry>
		<key>VEQUIPMENTTYPE_GLM_AIR_DEFENSE</key>
		<value>
			<sp>
				<type>weapon</type>
				<id>VEQUIPMENTTYPE_GLM_AIR_DEFENSE</id>
				<name>GLM Air defense</name>
				<weight>140</weight>
				<max_ammo>16</max_ammo>
				<ammo_type>14</ammo_type>
				<equipscreen_sprite>PCK:xcom3/ufodata/vehequip.pck:xcom3/ufodata/vehequip.tab:28:xcom3/ufodata/vhawk.pcx</equipscreen_sprite>
				<equipscreen_size>
					<x>4</x>
					<y>4</y>
				</equipscreen_size>
				<manufacturer>ORG_MARSEC</manufacturer>
				<store_space>160</store_space>
				<users>
					<entry>ground</entry>
				</users>
				<speed>18</speed>
				<projectile_image>1</projectile_image>
				<damage>28</damage>
				<accuracy>25</accuracy>
				<fire_delay>34</fire_delay>
				<tail_size>35</tail_size>
				<range>650</range>
				<firing_arc_1>8</firing_arc_1>
				<firing_arc_2>8</firing_arc_2>
				<point_defence>false</point_defence>
				<fire_sfx />
				<explosion_graphic>7</explosion_graphic>
				<icon>PCK:xcom3/ufodata/vs_obs.pck:xcom3/ufodata/vs_obs.tab:22</icon>
				<power>0</power>
				<top_speed>0</top_speed>
				<accuracy_modifier>0</accuracy_modifier>
				<cargo_space>0</cargo_space>
				<passengers>0</passengers>
				<alien_space>0</alien_space>
				<missile_jamming>0</missile_jamming>
				<shielding>0</shielding>
				<cloaking>false</cloaking>
				<teleporting>false</teleporting>
			</sp>
		</value>
	</entry>
	<entry>
		<key>VEQUIPMENTTYPE_GLM_ARRAY</key>
		<value>
			<sp>
				<type>weapon</type>
				<id>VEQUIPMENTTYPE_GLM_ARRAY</id>
				<name>GLM Array</name>
				<weight>30</weight>
				<max_ammo>12</max_ammo>
				<ammo_type>13</ammo_type>
				<equipscreen_sprite>PCK:xcom3/ufodata/vehequip.pck:xcom3/ufodata/vehequip.tab:26:xcom3/ufodata/vhawk.pcx</equipscreen_sprite>
				<equipscreen_size>
					<x>2</x>
					<y>2</y>
				</equipscreen_size>
				<manufacturer>ORG_MARSEC</manufacturer>
				<store_space>40</store_space>
				<users>
					<entry>ground</entry>
				</users>
				<speed>17</speed>
				<projectile_image>0</projectile_image>
				<damage>26</damage>
				<accuracy>24</accuracy>
				<fire_delay>24</fire_delay>
				<tail_size>19</tail_size>
				<range>450</range>
				<firing_arc_1>8</firing_arc_1>
				<firing_arc_2>8</firing_arc_2>
				<point_defence>false</point_defence>
				<fire_sfx />
				<explosion_graphic>7</explosion_graphic>
				<icon>PCK:xcom3/ufodata/vs_obs.pck:xcom3/ufodata/vs_obs.tab:20</icon>
				<power>0</power>
				<top_speed>0</top_speed>
				<accuracy_modifier>0</accuracy_modifier>
				<cargo_space>0</cargo_space>
				<passengers>0</passengers>
				<alien_space>0</alien_space>
				<missile_jamming>0</missile_jamming>
				<shielding>0</shielding>
				<cloaking>false</cloaking>
				<teleporting>false</teleporting>
			</sp>
		</value>
	</entry>
	<entry>
		<key>VEQUIPMENTTYPE_HEAVY_DISRUPTOR_BEAM</key>
		<value>
			<sp>
				<type>weapon</type>
				<id>VEQUIPMENTTYPE_HEAVY_DISRUPTOR_BEAM</id>
				<name>Heavy Disruptor Beam</name>
				<weight>130</weight>
				<max_ammo>100</max_ammo>
				<ammo_type>65535</ammo_type>
				<equipscreen_sprite>PCK:xcom3/ufodata/vehequip.pck:xcom3/ufodata/vehequip.tab:7:xcom3/ufodata/vhawk.pcx</equipscreen_sprite>
				<equipscreen_size>
					<x>4</x>
					<y>4</y>
				</equipscreen_size>
				<manufacturer>ORG_X-COM</manufacturer>
				<store_space>160</store_space>
				<users>
					<entry>air</entry>
				</users>
				<speed>32</speed>
				<projectile_image>11</projectile_image>
				<damage>80</damage>
				<accuracy>30</accuracy>
				<fire_delay>20</fire_delay>
				<tail_size>35</tail_size>
				<range>1200</range>
				<firing_arc_1>4</firing_arc_1>
				<firing_arc_2>4</firing_arc_2>
				<point_defence>false</point_defence>
				<fire_sfx />
				<explosion_graphic>10</explosion_graphic>
				<icon>PCK:xcom3/ufodata/vs_obs.pck:xcom3/ufodata/vs_obs.tab:7</icon>
				<power>0</power>
				<top_speed>0</top_speed>
				<accuracy_modifier>0</accuracy_modifier>
				<cargo_space>0</cargo_space>
				<passengers>0</passengers>
				<alien_space>0</alien_space>
				<missile_jamming>0</missile_jamming>
				<shielding>0</shielding>
				<cloaking>false</cloaking>
				<teleporting>false</teleporting>
			</sp>
		</value>
	</entry>
	<entry>
		<key>VEQUIPMENTTYPE_HEAVY_WEAPONS_CONTROL</key>
		<value>
			<sp>
				<type>general</type>
				<id>VEQUIPMENTTYPE_HEAVY_WEAPONS_CONTROL</id>
				<name>Heavy Weapons Control</name>
				<weight>12</weight>
				<max_ammo>0</max_ammo>
				<ammo_type>65535</ammo_type>
				<equipscreen_sprite>PCK:xcom3/ufodata/vehequip.pck:xcom3/ufodata/vehequip.tab:37:xcom3/ufodata/vhawk.pcx</equipscreen_sprite>
				<equipscreen_size>
					<x>2</x>
					<y>2</y>
				</equipscreen_size>
				<manufacturer>ORG_CYBERWEB</manufacturer>
				<store_space>40</store_space>
				<users>
					<entry>ground</entry>
					<entry>air</entry>
				</users>
				<speed>0</speed>
				<projectile_image>0</projectile_image>
				<damage>0</damage>
				<accuracy>0</accuracy>
				<fire_delay>0</fire_delay>
				<tail_size>0</tail_size>
				<range>0</range>
				<firing_arc_1>0</firing_arc_1>
				<firing_arc_2>0</firing_arc_2>
				<point_defence>false</point_defence>
				<fire_sfx />
				<explosion_graphic>744997904</explosion_graphic>
				<icon />
				<power>0</power>
				<top_speed>0</top_speed>
				<accuracy_modifier>0</accuracy_modifier>
				<cargo_space>0</cargo_space>
				<passengers>0</passengers>
				<alien_space>0</alien_space>
				<missile_jamming>0</missile_jamming>
				<shielding>0</shielding>
				<cloaking>false</cloaking>
				<teleporting>false</teleporting>
			</sp>
		</value>
	</entry>
	<entry>
		<key>VEQUIPMENTTYPE_JANITOR_MISSILE_ARRAY</key>
		<value>
			<sp>
				<type>weapon</type>
				<id>VEQUIPMENTTYPE_JANITOR_MISSILE_ARRAY</id>
				<name>Janitor Missile Array</name>
				<weight>70</weight>
				<max_ammo>24</max_ammo>
				<ammo_type>4</ammo_type>
				<equipscreen_sprite>PCK:xcom3/ufodata/vehequip.pck:xcom3/ufodata/vehequip.tab:9:xcom3/ufodata/vhawk.pcx</equipscreen_sprite>
				<equipscreen_size>
					<x>1</x>
					<y>3</y>
				</equipscreen_size>
				<manufacturer>ORG_MEGAPOL</manufacturer>
				<store_space>50</store_space>
				<users>
					<entry>air</entry>
				</users>
				<speed>16</speed>
				<projectile_image>0</projectile_image>
				<damage>22</damage>
				<accuracy>24</accuracy>
				<fire_delay>36</fire_delay>
				<tail_size>19</tail_size>
				<range>500</range>
				<firing_arc_1>3</firing_arc_1>
				<firing_arc_2>3</firing_arc_2>
				<point_defence>false</point_defence>
				<fire_sfx />
				<explosion_graphic>7</explosion_graphic>
				<icon>PCK:xcom3/ufodata/vs_obs.pck:xcom3/ufodata/vs_obs.tab:9</icon>
				<power>0</power>
				<top_speed>0</top_speed>
				<accuracy_modifier>0</accuracy_modifier>
				<cargo_space>0</cargo_space>
				<passengers>0</passengers>
				<alien_space>0</alien_space>
				<missile_jamming>0</missile_jamming>
				<shielding>0</shielding>
				<cloaking>false</cloaking>
				<teleporting>false</teleporting>
			</sp>
		</value>
	</entry>
	<entry>
		<key>VEQUIPMENTTYPE_JUSTICE_MISSILE_LAUNCHER</key>
		<value>
			<sp>
				<type>weapon</type>
				<id>VEQUIPMENTTYPE_JUSTICE_MISSILE_LAUNCHER</id>
				<name>Justice Missile Launcher</name>
				<weight>80</weight>
				<max_ammo>1</max_ammo>
				<ammo_type>5</ammo_type>
				<equipscreen_sprite>PCK:xcom3/ufodata/vehequip.pck:xcom3/ufodata/vehequip.tab:10:xcom3/ufodata/vhawk.pcx</equipscreen_sprite>
				<equipscreen_size>
					<x>1</x>
					<y>3</y>
				</equipscreen_size>
				<manufacturer>ORG_MEGAPOL</manufacturer>
				<store_space>80</store_space>
				<users>
					<entry>air</entry>
				</users>
				<speed>10</speed>
				<projectile_image>1</projectile_image>
				<damage>50</damage>
				<accuracy>26</accuracy>
				<fire_delay>70</fire_delay>
				<tail_size>35</tail_size>
				<range>2000</range>
				<firing_arc_1>3</firing_arc_1>
				<firing_arc_2>4</firing_arc_2>
				<point_defence>false</point_defence>
				<fire_sfx />
				<explosion_graphic>0</explosion_graphic>
				<icon>PCK:xcom3/ufodata/vs_obs.pck:xcom3/ufodata/vs_obs.tab:10</icon>
				<power>0</power>
				<top_speed>0</top_speed>
				<accuracy_modifier>0</accuracy_modifier>
				<cargo_space>0</cargo_space>
				<passengers>0</passengers>
				<alien_space>0</alien_space>
				<missile_jamming>0</missile_jamming>
				<shielding>0</shielding>
				<cloaking>false</cloaking>
				<teleporting>false</teleporting>
			</sp>
		</value>
	</entry>
	<entry>
		<key>VEQUIPMENTTYPE_LANCER_7000_LASER_GUN</key>
		<value>
			<sp>
				<type>weapon</type>
				<id>VEQUIPMENTTYPE_LANCER_7000_LASER_GUN</id>
				<name>Lancer 7000 Laser Gun</name>
				<weight>80</weight>
				<max_ammo>0</max_ammo>
				<ammo_type>65535</ammo_type>
				<equipscreen_sprite>PCK:xcom3/ufodata/vehequip.pck:xcom3/ufodata/vehequip.tab:1:xcom3/ufodata/vhawk.pcx</equipscreen_sprite>
				<equipscreen_size>
					<x>1</x>
					<y>4</y>
				</equipscreen_size>
				<manufacturer>ORG_MEGAPOL</manufacturer>
				<store_space>60</store_space>
				<users>
					<entry>air</entry>
				</users>
				<speed>38</speed>
				<projectile_image>5</projectile_image>
				<damage>16</damage>
				<accuracy>40</accuracy>
				<fire_delay>12</fire_delay>
				<tail_size>25</tail_size>
				<range>600</range>
				<firing_arc_1>2</firing_arc_1>
				<firing_arc_2>2</firing_arc_2>
				<point_defence>false</point_defence>
				<fire_sfx />
				<explosion_graphic>8</explosion_graphic>
				<icon>PCK:xcom3/ufodata/vs_obs.pck:xcom3/ufodata/vs_obs.tab:1</icon>
				<power>0</power>
				<top_speed>0</top_speed>
				<accuracy_modifier>0</accuracy_modifier>
				<cargo_space>0</cargo_space>
				<passengers>0</passengers>
				<alien_space>0</alien_space>
				<missile_jamming>0</missile_jamming>
				<shielding>0</shielding>
				<cloaking>false</cloaking>
				<teleporting>false</teleporting>
			</sp>
		</value>
	</entry>
	<entry>
		<key>VEQUIPMENTTYPE_LARGE_DISRUPTION_SHIELD</key>
		<value>
			<sp>
				<type>general</type>
				<id>VEQUIPMENTTYPE_LARGE_DISRUPTION_SHIELD</id>
				<name>Large Disruption Shield</name>
				<weight>120</weight>
				<max_ammo>0</max_ammo>
				<ammo_type>65535</ammo_type>
				<equipscreen_sprite>PCK:xcom3/ufodata/vehequip.pck:xcom3/ufodata/vehequip.tab:44:xcom3/ufodata/vhawk.pcx</equipscreen_sprite>
				<equipscreen_size>
					<x>3</x>
					<y>3</y>
				</equipscreen_size>
				<manufacturer>ORG_X-COM</manufacturer>
				<store_space>90</store_space>
				<users>
					<entry>ground</entry>
					<entry>air</entry>
				</users>
				<speed>0</speed>
				<projectile_image>0</projectile_image>
				<damage>0</damage>
				<accuracy>0</accuracy>
				<fire_delay>0</fire_delay>
				<tail_size>0</tail_size>
				<range>0</range>
				<firing_arc_1>0</firing_arc_1>
				<firing_arc_2>0</firing_arc_2>
				<point_defence>false</point_defence>
				<fire_sfx />
				<explosion_graphic>744088112</explosion_graphic>
				<icon />
				<power>0</power>
				<top_speed>0</top_speed>
				<accuracy_modifier>0</accuracy_modifier>
				<cargo_space>0</cargo_space>
				<passengers>0</passengers>
				<alien_space>0</alien_space>
				<missile_jamming>0</missile_jamming>
				<shielding>400</shielding>
				<cloaking>false</cloaking>
				<teleporting>false</teleporting>
			</sp>
		</value>
	</entry>
	<entry>
		<key>VEQUIPMENTTYPE_LASER_DEFENSE_ARRAY</key>
		<value>
			<sp>
				<type>weapon</type>
				<id>VEQUIPMENTTYPE_LASER_DEFENSE_ARRAY</id>
				<name>Laser Defense Array</name>
				<weight>50</weight>
				<max_ammo>0</max_ammo>
				<ammo_type>65535</ammo_type>
				<equipscreen_sprite>PCK:xcom3/ufodata/vehequip.pck:xcom3/ufodata/vehequip.tab:16:xcom3/ufodata/vhawk.pcx</equipscreen_sprite>
				<equipscreen_size>
					<x>2</x>
					<y>2</y>
				</equipscreen_size>
				<manufacturer>ORG_MEGAPOL</manufacturer>
				<store_space>40</store_space>
				<users>
					<entry>air</entry>
				</users>
				<speed>38</speed>
				<projectile_image>3</projectile_image>
				<damage>8</damage>
				<accuracy>12</accuracy>
				<fire_delay>4</fire_delay>
				<tail_size>10</tail_size>
				<range>128</range>
				<firing_arc_1>8</firing_arc_1>
				<firing_arc_2>8</firing_arc_2>
				<point_defence>true</point_defence>
				<fire_sfx />
				<explosion_graphic>8</explosion_graphic>
				<icon>PCK:xcom3/ufodata/vs_obs.pck:xcom3/ufodata/vs_obs.tab:16</icon>
				<power>0</power>
				<top_speed>0</top_speed>
				<accuracy_modifier>0</accuracy_modifier>
				<cargo_space>0</cargo_space>
				<passengers>0</passengers>
				<alien_space>0</alien_space>
				<missile_jamming>0</missile_jamming>
				<shielding>0</shielding>
				<cloaking>false</cloaking>
				<teleporting>false</teleporting>
			</sp>
		</value>
	</entry>
	<entry>
		<key>VEQUIPMENTTYPE_LIGHT_DISRUPTOR_BEAM</key>
		<value>
			<sp>
				<type>weapon</type>
				<id>VEQUIPMENTTYPE_LIGHT_DISRUPTOR_BEAM</id>
				<name>Light Disruptor Beam</name>
				<weight>50</weight>
				<max_ammo>450</max_ammo>
				<ammo_type>65535</ammo_type>
				<equipscreen_sprite>PCK:xcom3/ufodata/vehequip.pck:xcom3/ufodata/vehequip.tab:5:xcom3/ufodata/vhawk.pcx</equipscreen_sprite>
				<equipscreen_size>
					<x>2</x>
					<y>2</y>
				</equipscreen_size>
				<manufacturer>ORG_X-COM</manufacturer>
				<store_space>60</store_space>
				<users>
					<entry>air</entry>
				</users>
				<speed>28</speed>
				<projectile_image>9</projectile_image>
				<damage>20</damage>
				<accuracy>50</accuracy>
				<fire_delay>15</fire_delay>
				<tail_size>15</tail_size>
				<range>300</range>
				<firing_arc_1>4</firing_arc_1>
				<firing_arc_2>4</firing_arc_2>
				<point_defence>false</point_defence>
				<fire_sfx />
				<explosion_graphic>10</explosion_graphic>
				<icon>PCK:xcom3/ufodata/vs_obs.pck:xcom3/ufodata/vs_obs.tab:5</icon>
				<power>0</power>
				<top_speed>0</top_speed>
				<accuracy_modifier>0</accuracy_modifier>
				<cargo_space>0</cargo_space>
				<passengers>0</passengers>
				<alien_space>0</alien_space>
				<missile_jamming>0</missile_jamming>
				<shielding>0</shielding>
				<cloaking>false</cloaking>
				<teleporting>false</teleporting>
			</sp>
		</value>
	</entry>
	<entry>
		<key>VEQUIPMENTTYPE_LIGHT_WEAPONS_CONTROL</key>
		<value>
			<sp>
				<type>general</type>
				<id>VEQUIPMENTTYPE_LIGHT_WEAPONS_CONTROL</id>
				<name>Light Weapons Control</name>
				<weight>5</weight>
				<max_ammo>0</max_ammo>
				<ammo_type>65535</ammo_type>
				<equipscreen_sprite>PCK:xcom3/ufodata/vehequip.pck:xcom3/ufodata/vehequip.tab:35:xcom3/ufodata/vhawk.pcx</equipscreen_sprite>
				<equipscreen_size>
					<x>1</x>
					<y>1</y>
				</equipscreen_size>
				<manufacturer>ORG_CYBERWEB</manufacturer>
				<store_space>10</store_space>
				<users>
					<entry>ground</entry>
					<entry>air</entry>
				</users>
				<speed>0</speed>
				<projectile_image>0</projectile_image>
				<damage>0</damage>
				<accuracy>0</accuracy>
				<fire_delay>0</fire_delay>
				<tail_size>0</tail_size>
				<range>0</range>
				<firing_arc_1>0</firing_arc_1>
				<firing_arc_2>0</firing_arc_2>
				<point_defence>false</point_defence>
				<fire_sfx />
				<explosion_graphic>744087632</explosion_graphic>
				<icon />
				<power>0</power>
				<top_speed>0</top_speed>
				<accuracy_modifier>0</accuracy_modifier>
				<cargo_space>0</cargo_space>
				<passengers>0</passengers>
				<alien_space>0</alien_space>
				<missile_jamming>0</missile_jamming>
				<shielding>0</shielding>
				<cloaking>false</cloaking>
				<teleporting>false</teleporting>
			</sp>
		</value>
	</entry>
	<entry>
		<key>VEQUIPMENTTYPE_LINEAGE_PLASMA_CANNON</key>
		<value>
			<sp>
				<type>weapon</type>
				<id>VEQUIPMENTTYPE_LINEAGE_PLASMA_CANNON</id>
				<name>Lineage Plasma Cannon</name>
				<weight>95</weight>
				<max_ammo>110</max_ammo>
				<ammo_type>1</ammo_type>
				<equipscreen_sprite>PCK:xcom3/ufodata/vehequip.pck:xcom3/ufodata/vehequip.tab:3:xcom3/ufodata/vhawk.pcx</equipscreen_sprite>
				<equipscreen_size>
					<x>1</x>
					<y>3</y>
				</equipscreen_size>
				<manufacturer>ORG_MARSEC</manufacturer>
				<store_space>60</store_space>
				<users>
					<entry>air</entry>
				</users>
				<speed>38</speed>
				<projectile_image>8</projectile_image>
				<damage>25</damage>
				<accuracy>34</accuracy>
				<fire_delay>12</fire_delay>
				<tail_size>35</tail_size>
				<range>800</range>
				<firing_arc_1>2</firing_arc_1>
				<firing_arc_2>2</firing_arc_2>
				<point_defence>false</point_defence>
				<fire_sfx />
				<explosion_graphic>9</explosion_graphic>
				<icon>PCK:xcom3/ufodata/vs_obs.pck:xcom3/ufodata/vs_obs.tab:3</icon>
				<power>0</power>
				<top_speed>0</top_speed>
				<accuracy_modifier>0</accuracy_modifier>
				<cargo_space>0</cargo_space>
				<passengers>0</passengers>
				<alien_space>0</alien_space>
				<missile_jamming>0</missile_jamming>
				<shielding>0</shielding>
				<cloaking>false</cloaking>
				<teleporting>false</teleporting>
			</sp>
		</value>
	</entry>
	<entry>
		<key>VEQUIPMENTTYPE_MEDIUM_DISRUPTOR_BEAM</key>
		<value>
			<sp>
				<type>weapon</type>
				<id>VEQUIPMENTTYPE_MEDIUM_DISRUPTOR_BEAM</id>
				<name>Medium Disruptor Beam</name>
				<weight>90</weight>
				<max_ammo>350</max_ammo>
				<ammo_type>65535</ammo_type>
				<equipscreen_sprite>PCK:xcom3/ufodata/vehequip.pck:xcom3/ufodata/vehequip.tab:6:xcom3/ufodata/vhawk.pcx</equipscreen_sprite>
				<equipscreen_size>
					<x>2</x>
					<y>3</y>
				</equipscreen_size>
				<manufacturer>ORG_X-COM</manufacturer>
				<store_space>110</store_space>
				<users>
					<entry>air</entry>
				</users>
				<speed>30</speed>
				<projectile_image>10</projectile_image>
				<damage>40</damage>
				<accuracy>40</accuracy>
				<fire_delay>17</fire_delay>
				<tail_size>25</tail_size>
				<range>600</range>
				<firing_arc_1>4</firing_arc_1>
				<firing_arc_2>4</firing_arc_2>
				<point_defence>false</point_defence>
				<fire_sfx />
				<explosion_graphic>10</explosion_graphic>
				<icon>PCK:xcom3/ufodata/vs_obs.pck:xcom3/ufodata/vs_obs.tab:6</icon>
				<power>0</power>
				<top_speed>0</top_speed>
				<accuracy_modifier>0</accuracy_modifier>
				<cargo_space>0</cargo_space>
				<passengers>0</passengers>
				<alien_space>0</alien_space>
				<missile_jamming>0</missile_jamming>
				<shielding>0</shielding>
				<cloaking>false</cloaking>
				<teleporting>false</teleporting>
			</sp>
		</value>
	</entry>
	<entry>
		<key>VEQUIPMENTTYPE_MEDIUM_WEAPONS_CONTROL</key>
		<value>
			<sp>
				<type>general</type>
				<id>VEQUIPMENTTYPE_MEDIUM_WEAPONS_CONTROL</id>
				<name>Medium Weapons Control</name>
				<weight>7</weight>
				<max_ammo>0</max_ammo>
				<ammo_type>65535</ammo_type>
				<equipscreen_sprite>PCK:xcom3/ufodata/vehequip.pck:xcom3/ufodata/vehequip.tab:36:xcom3/ufodata/vhawk.pcx</equipscreen_sprite>
				<equipscreen_size>
					<x>2</x>
					<y>1</y>
				</equipscreen_size>
				<manufacturer>ORG_CYBERWEB</manufacturer>
				<store_space>20</store_space>
				<users>
					<entry>ground</entry>
					<entry>air</entry>
				</users>
				<speed>0</speed>
				<projectile_image>0</projectile_image>
				<damage>0</damage>
				<accuracy>0</accuracy>
				<fire_delay>0</fire_delay>
				<tail_size>0</tail_size>
				<range>0</range>
				<firing_arc_1>0</firing_arc_1>
				<firing_arc_2>0</firing_arc_2>
				<point_defence>false</point_defence>
				<fire_sfx />
				<explosion_graphic>744084656</explosion_graphic>
				<icon />
				<power>0</power>
				<top_speed>0</top_speed>
				<accuracy_modifier>0</accuracy_modifier>
				<cargo_space>0</cargo_space>
				<passengers>0</passengers>
				<alien_space>0</alien_space>
				<missile_jamming>0</missile_jamming>
				<shielding>0</shielding>
				<cloaking>false</cloaking>
				<teleporting>false</teleporting>
			</sp>
		</value>
	</entry>
	<entry>
		<key>VEQUIPMENTTYPE_METRO_MULTIPOWER_PLUS</key>
		<value>
			<sp>
				<type>engine</type>
				<id>VEQUIPMENTTYPE_METRO_MULTIPOWER_PLUS</id>
				<name>Metro Multipower Plus</name>
				<weight>110</weight>
				<max_ammo>6</max_ammo>
				<ammo_type>0</ammo_type>
				<equipscreen_sprite>PCK:xcom3/ufodata/vehequip.pck:xcom3/ufodata/vehequip.tab:34:xcom3/ufodata/vhawk.pcx</equipscreen_sprite>
				<equipscreen_size>
					<x>4</x>
					<y>4</y>
				</equipscreen_size>
				<manufacturer>ORG_MARSEC</manufacturer>
				<store_space>120</store_space>
				<users>
					<entry>ground</entry>
				</users>
				<speed>0</speed>
				<projectile_image>0</projectile_image>
				<damage>0</damage>
				<accuracy>0</accuracy>
				<fire_delay>0</fire_delay>
				<tail_size>0</tail_size>
				<range>0</range>
				<firing_arc_1>0</firing_arc_1>
				<firing_arc_2>0</firing_arc_2>
				<point_defence>false</point_defence>
				<fire_sfx />
				<explosion_graphic>744086640</explosion_graphic>
				<icon />
				<power>1000</power>
				<top_speed>7</top_speed>
				<accuracy_modifier>0</accuracy_modifier>
				<cargo_space>0</cargo_space>
				<passengers>0</passengers>
				<alien_space>0</alien_space>
				<missile_jamming>0</missile_jamming>
				<shielding>0</shielding>
				<cloaking>false</cloaking>
				<teleporting>false</teleporting>
			</sp>
		</value>
	</entry>
	<entry>
		<key>VEQUIPMENTTYPE_METRO_POWERGRAV</key>
		<value>
			<sp>
				<type>engine</type>
				<id>VEQUIPMENTTYPE_METRO_POWERGRAV</id>
				<name>Metro Powergrav</name>
				<weight>80</weight>
				<max_ammo>5</max_ammo>
				<ammo_type>0</ammo_type>
				<equipscreen_sprite>PCK:xcom3/ufodata/vehequip.pck:xcom3/ufodata/vehequip.tab:33:xcom3/ufodata/vhawk.pcx</equipscreen_sprite>
				<equipscreen_size>
					<x>2</x>
					<y>4</y>
				</equipscreen_size>
				<manufacturer>ORG_GENERAL_METRO</manufacturer>
				<store_space>80</store_space>
				<users>
					<entry>ground</entry>
				</users>
				<speed>0</speed>
				<projectile_image>0</projectile_image>
				<damage>0</damage>
				<accuracy>0</accuracy>
				<fire_delay>0</fire_delay>
				<tail_size>0</tail_size>
				<range>0</range>
				<firing_arc_1>0</firing_arc_1>
				<firing_arc_2>0</firing_arc_2>
				<point_defence>false</point_defence>
				<fire_sfx />
				<explosion_graphic>744997680</explosion_graphic>
				<icon />
				<power>700</power>
				<top_speed>6</top_speed>
				<accuracy_modifier>0</accuracy_modifier>
				<cargo_space>0</cargo_space>
				<passengers>0</passengers>
				<alien_space>0</alien_space>
				<missile_jamming>0</missile_jamming>
				<shielding>0</shielding>
				<cloaking>false</cloaking>
				<teleporting>false</teleporting>
			</sp>
		</value>
	</entry>
	<entry>
		<key>VEQUIPMENTTYPE_METRO_ROADGRAV</key>
		<value>
			<sp>
				<type>engine</type>
				<id>VEQUIPMENTTYPE_METRO_ROADGRAV</id>
				<name>Metro Roadgrav</name>
				<weight>50</weight>
				<max_ammo>3</max_ammo>
				<ammo_type>0</ammo_type>
				<equipscreen_sprite>PCK:xcom3/ufodata/vehequip.pck:xcom3/ufodata/vehequip.tab:31:xcom3/ufodata/vhawk.pcx</equipscreen_sprite>
				<equipscreen_size>
					<x>2</x>
					<y>2</y>
				</equipscreen_size>
				<manufacturer>ORG_GENERAL_METRO</manufacturer>
				<store_space>40</store_space>
				<users>
					<entry>ground</entry>
				</users>
				<speed>0</speed>
				<projectile_image>0</projectile_image>
				<damage>0</damage>
				<accuracy>0</accuracy>
				<fire_delay>0</fire_delay>
				<tail_size>0</tail_size>
				<range>0</range>
				<firing_arc_1>0</firing_arc_1>
				<firing_arc_2>0</firing_arc_2>
				<point_defence>false</point_defence>
				<fire_sfx />
				<explosion_graphic>744087856</explosion_graphic>
				<icon />
				<power>300</power>
				<top_speed>4</top_speed>
				<accuracy_modifier>0</accuracy_modifier>
				<cargo_space>0</cargo_space>
				<passengers>0</passengers>
				<alien_space>0</alien_space>
				<missile_jamming>0</missile_jamming>
				<shielding>0</shielding>
				<cloaking>false</cloaking>
				<teleporting>false</teleporting>
			</sp>
		</value>
	</entry>
	<entry>
		<key>VEQUIPMENTTYPE_METRO_ROADHOG</key>
		<value>
			<sp>
				<type>engine</type>
				<id>VEQUIPMENTTYPE_METRO_ROADHOG</id>
				<name>Metro Roadhog</name>
				<weight>40</weight>
				<max_ammo>2</max_ammo>
				<ammo_type>0</ammo_type>
				<equipscreen_sprite>PCK:xcom3/ufodata/vehequip.pck:xcom3/ufodata/vehequip.tab:30:xcom3/ufodata/vhawk.pcx</equipscreen_sprite>
				<equipscreen_size>
					<x>2</x>
					<y>2</y>
				</equipscreen_size>
				<manufacturer>ORG_GENERAL_METRO</manufacturer>
				<store_space>20</store_space>
				<users>
					<entry>ground</entry>
				</users>
				<speed>0</speed>
				<projectile_image>0</projectile_image>
				<damage>0</damage>
				<accuracy>0</accuracy>
				<fire_delay>0</fire_delay>
				<tail_size>0</tail_size>
				<range>0</range>
				<firing_arc_1>0</firing_arc_1>
				<firing_arc_2>0</firing_arc_2>
				<point_defence>false</point_defence>
				<fire_sfx />
				<explosion_graphic>744996784</explosion_graphic>
				<icon />
				<power>200</power>
				<top_speed>3</top_speed>
				<accuracy_modifier>0</accuracy_modifier>
				<cargo_space>0</cargo_space>
				<passengers>0</passengers>
				<alien_space>0</alien_space>
				<missile_jamming>0</missile_jamming>
				<shielding>0</shielding>
				<cloaking>false</cloaking>
				<teleporting>false</teleporting>
			</sp>
		</value>
	</entry>
	<entry>
		<key>VEQUIPMENTTYPE_METRO_TURBOGRAV</key>
		<value>
			<sp>
				<type>engine</type>
				<id>VEQUIPMENTTYPE_METRO_TURBOGRAV</id>
				<name>Metro Turbograv</name>
				<weight>65</weight>
				<max_ammo>4</max_ammo>
				<ammo_type>0</ammo_type>
				<equipscreen_sprite>PCK:xcom3/ufodata/vehequip.pck:xcom3/ufodata/vehequip.tab:32:xcom3/ufodata/vhawk.pcx</equipscreen_sprite>
				<equipscreen_size>
					<x>2</x>
					<y>3</y>
				</equipscreen_size>
				<manufacturer>ORG_GENERAL_METRO</manufacturer>
				<store_space>60</store_space>
				<users>
					<entry>ground</entry>
				</users>
				<speed>0</speed>
				<projectile_image>0</projectile_image>
				<damage>0</damage>
				<accuracy>0</accuracy>
				<fire_delay>0</fire_delay>
				<tail_size>0</tail_size>
				<range>0</range>
				<firing_arc_1>0</firing_arc_1>
				<firing_arc_2>0</firing_arc_2>
				<point_defence>false</point_defence>
				<fire_sfx />
				<explosion_graphic>744084624</explosion_graphic>
				<icon />
				<power>450</power>
				<top_speed>5</top_speed>
				<accuracy_modifier>0</accuracy_modifier>
				<cargo_space>0</cargo_space>
				<passengers>0</passengers>
				<alien_space>0</alien_space>
				<missile_jamming>0</missile_jamming>
				<shielding>0</shielding>
				<cloaking>false</cloaking>
				<teleporting>false</teleporting>
			</sp>
		</value>
	</entry>
	<entry>
		<key>VEQUIPMENTTYPE_MISSILE_EVASION_MATRIX</key>
		<value>
			<sp>
				<type>general</type>
				<id>VEQUIPMENTTYPE_MISSILE_EVASION_MATRIX</id>
				<name>Missile Evasion Matrix</name>
				<weight>10</weight>
				<max_ammo>0</max_ammo>
				<ammo_type>65535</ammo_type>
				<equipscreen_sprite>PCK:xcom3/ufodata/vehequip.pck:xcom3/ufodata/vehequip.tab:42:xcom3/ufodata/vhawk.pcx</equipscreen_sprite>
				<equipscreen_size>
					<x>2</x>
					<y>2</y>
				</equipscreen_size>
				<manufacturer>ORG_CYBERWEB</manufacturer>
				<store_space>40</store_space>
				<users>
					<entry>ground</entry>
					<entry>air</entry>
				</users>
				<speed>0</speed>
				<projectile_image>0</projectile_image>
				<damage>0</damage>
				<accuracy>0</accuracy>
				<fire_delay>0</fire_delay>
				<tail_size>0</tail_size>
				<range>0</range>
				<firing_arc_1>0</firing_arc_1>
				<firing_arc_2>0</firing_arc_2>
				<point_defence>false</point_defence>
				<fire_sfx />
				<explosion_graphic>744085968</explosion_graphic>
				<icon />
				<power>0</power>
				<top_speed>0</top_speed>
				<accuracy_modifier>0</accuracy_modifier>
				<cargo_space>0</cargo_space>
				<passengers>0</passengers>
				<alien_space>0</alien_space>
				<missile_jamming>40</missile_jamming>
				<shielding>0</shielding>
				<cloaking>false</cloaking>
				<teleporting>false</teleporting>
			</sp>
		</value>
	</entry>
	<entry>
		<key>VEQUIPMENTTYPE_PASSENGER_MODULE</key>
		<value>
			<sp>
				<type>general</type>
				<id>VEQUIPMENTTYPE_PASSENGER_MODULE</id>
				<name>Passenger Module</name>
				<weight>55</weight>
				<max_ammo>0</max_ammo>
				<ammo_type>65535</ammo_type>
				<equipscreen_sprite>PCK:xcom3/ufodata/vehequip.pck:xcom3/ufodata/vehequip.tab:40:xcom3/ufodata/vhawk.pcx</equipscreen_sprite>
				<equipscreen_size>
					<x>2</x>
					<y>2</y>
				</equipscreen_size>
				<manufacturer>ORG_GENERAL_METRO</manufacturer>
				<store_space>40</store_space>
				<users>
					<entry>ground</entry>
					<entry>air</entry>
				</users>
				<speed>0</speed>
				<projectile_image>0</projectile_image>
				<damage>0</damage>
				<accuracy>0</accuracy>
				<fire_delay>0</fire_delay>
				<tail_size>0</tail_size>
				<range>0</range>
				<firing_arc_1>0</firing_arc_1>
				<firing_arc_2>0</firing_arc_2>
				<point_defence>false</point_defence>
				<fire_sfx />
				<explosion_graphic>744997328</explosion_graphic>
				<icon />
				<power>0</power>
				<top_speed>0</top_speed>
				<accuracy_modifier>0</accuracy_modifier>
				<cargo_space>0</cargo_space>
				<passengers>4</passengers>
				<alien_space>0</alien_space>
				<missile_jamming>0</missile_jamming>
				<shielding>0</shielding>
				<cloaking>false</cloaking>
				<teleporting>false</teleporting>
			</sp>
		</value>
	</entry>
	<entry>
		<key>VEQUIPMENTTYPE_PLASMA_DEFENSE_ARRAY</key>
		<value>
			<sp>
				<type>weapon</type>
				<id>VEQUIPMENTTYPE_PLASMA_DEFENSE_ARRAY</id>
				<name>Plasma Defense Array</name>
				<weight>45</weight>
				<max_ammo>250</max_ammo>
				<ammo_type>65535</ammo_type>
				<equipscreen_sprite>PCK:xcom3/ufodata/vehequip.pck:xcom3/ufodata/vehequip.tab:17:xcom3/ufodata/vhawk.pcx</equipscreen_sprite>
				<equipscreen_size>
					<x>2</x>
					<y>2</y>
				</equipscreen_size>
				<manufacturer>ORG_MARSEC</manufacturer>
				<store_space>40</store_space>
				<users>
					<entry>air</entry>
				</users>
				<speed>38</speed>
				<projectile_image>6</projectile_image>
				<damage>12</damage>
				<accuracy>8</accuracy>
				<fire_delay>4</fire_delay>
				<tail_size>12</tail_size>
				<range>168</range>
				<firing_arc_1>8</firing_arc_1>
				<firing_arc_2>8</firing_arc_2>
				<point_defence>true</point_defence>
				<fire_sfx />
				<explosion_graphic>9</explosion_graphic>
				<icon>PCK:xcom3/ufodata/vs_obs.pck:xcom3/ufodata/vs_obs.tab:17</icon>
				<power>0</power>
				<top_speed>0</top_speed>
				<accuracy_modifier>0</accuracy_modifier>
				<cargo_space>0</cargo_space>
				<passengers>0</passengers>
				<alien_space>0</alien_space>
				<missile_jamming>0</missile_jamming>
				<shielding>0</shielding>
				<cloaking>false</cloaking>
				<teleporting>false</teleporting>
			</sp>
		</value>
	</entry>
	<entry>
		<key>VEQUIPMENTTYPE_PLASMA_MULTI-SYSTEM</key>
		<value>
			<sp>
				<type>weapon</type>
				<id>VEQUIPMENTTYPE_PLASMA_MULTI-SYSTEM</id>
				<name>Plasma Multi-System</name>
				<weight>65</weight>
				<max_ammo>90</max_ammo>
				<ammo_type>1</ammo_type>
				<equipscreen_sprite>PCK:xcom3/ufodata/vehequip.pck:xcom3/ufodata/vehequip.tab:4:xcom3/ufodata/vhawk.pcx</equipscreen_sprite>
				<equipscreen_size>
					<x>2</x>
					<y>2</y>
				</equipscreen_size>
				<manufacturer>ORG_MARSEC</manufacturer>
				<store_space>40</store_space>
				<users>
					<entry>air</entry>
				</users>
				<speed>38</speed>
				<projectile_image>7</projectile_image>
				<damage>14</damage>
				<accuracy>38</accuracy>
				<fire_delay>6</fire_delay>
				<tail_size>22</tail_size>
				<range>350</range>
				<firing_arc_1>4</firing_arc_1>
				<firing_arc_2>4</firing_arc_2>
				<point_defence>false</point_defence>
				<fire_sfx />
				<explosion_graphic>9</explosion_graphic>
				<icon>PCK:xcom3/ufodata/vs_obs.pck:xcom3/ufodata/vs_obs.tab:4</icon>
				<power>0</power>
				<top_speed>0</top_speed>
				<accuracy_modifier>0</accuracy_modifier>
				<cargo_space>0</cargo_space>
				<passengers>0</passengers>
				<alien_space>0</alien_space>
				<missile_jamming>0</missile_jamming>
				<shielding>0</shielding>
				<cloaking>false</cloaking>
				<teleporting>false</teleporting>
			</sp>
		</value>
	</entry>
	<entry>
		<key>VEQUIPMENTTYPE_PLASMA_TURRET_CANNON</key>
		<value>
			<sp>
				<type>weapon</type>
				<id>VEQUIPMENTTYPE_PLASMA_TURRET_CANNON</id>
				<name>Plasma Turret Cannon</name>
				<weight>140</weight>
				<max_ammo>130</max_ammo>
				<ammo_type>1</ammo_type>
				<equipscreen_sprite>PCK:xcom3/ufodata/vehequip.pck:xcom3/ufodata/vehequip.tab:27:xcom3/ufodata/vhawk.pcx</equipscreen_sprite>
				<equipscreen_size>
					<x>4</x>
					<y>4</y>
				</equipscreen_size>
				<manufacturer>ORG_MARSEC</manufacturer>
				<store_space>160</store_space>
				<users>
					<entry>ground</entry>
				</users>
				<speed>38</speed>
				<projectile_image>8</projectile_image>
				<damage>30</damage>
				<accuracy>15</accuracy>
				<fire_delay>8</fire_delay>
				<tail_size>35</tail_size>
				<range>800</range>
				<firing_arc_1>8</firing_arc_1>
				<firing_arc_2>8</firing_arc_2>
				<point_defence>false</point_defence>
				<fire_sfx />
				<explosion_graphic>9</explosion_graphic>
				<icon>PCK:xcom3/ufodata/vs_obs.pck:xcom3/ufodata/vs_obs.tab:21</icon>
				<power>0</power>
				<top_speed>0</top_speed>
				<accuracy_modifier>0</accuracy_modifier>
				<cargo_space>0</cargo_space>
				<passengers>0</passengers>
				<alien_space>0</alien_space>
				<missile_jamming>0</missile_jamming>
				<shielding>0</shielding>
				<cloaking>false</cloaking>
				<teleporting>false</teleporting>
			</sp>
		</value>
	</entry>
	<entry>
		<key>VEQUIPMENTTYPE_PROPHET_MISSILE_ARRAY</key>
		<value>
			<sp>
				<type>weapon</type>
				<id>VEQUIPMENTTYPE_PROPHET_MISSILE_ARRAY</id>
				<name>Prophet Missile Array</name>
				<weight>70</weight>
				<max_ammo>8</max_ammo>
				<ammo_type>6</ammo_type>
				<equipscreen_sprite>PCK:xcom3/ufodata/vehequip.pck:xcom3/ufodata/vehequip.tab:11:xcom3/ufodata/vhawk.pcx</equipscreen_sprite>
				<equipscreen_size>
					<x>1</x>
					<y>3</y>
				</equipscreen_size>
				<manufacturer>ORG_MARSEC</manufacturer>
				<store_space>80</store_space>
				<users>
					<entry>air</entry>
				</users>
				<speed>18</speed>
				<projectile_image>0</projectile_image>
				<damage>26</damage>
				<accuracy>24</accuracy>
				<fire_delay>42</fire_delay>
				<tail_size>19</tail_size>
				<range>700</range>
				<firing_arc_1>6</firing_arc_1>
				<firing_arc_2>7</firing_arc_2>
				<point_defence>false</point_defence>
				<fire_sfx />
				<explosion_graphic>7</explosion_graphic>
				<icon>PCK:xcom3/ufodata/vs_obs.pck:xcom3/ufodata/vs_obs.tab:11</icon>
				<power>0</power>
				<top_speed>0</top_speed>
				<accuracy_modifier>0</accuracy_modifier>
				<cargo_space>0</cargo_space>
				<passengers>0</passengers>
				<alien_space>0</alien_space>
				<missile_jamming>0</missile_jamming>
				<shielding>0</shielding>
				<cloaking>false</cloaking>
				<teleporting>false</teleporting>
			</sp>
		</value>
	</entry>
	<entry>
		<key>VEQUIPMENTTYPE_RENDOR_PLASMA_GUN</key>
		<value>
			<sp>
				<type>weapon</type>
				<id>VEQUIPMENTTYPE_RENDOR_PLASMA_GUN</id>
				<name>Rendor Plasma Gun</name>
				<weight>70</weight>
				<max_ammo>140</max_ammo>
				<ammo_type>1</ammo_type>
				<equipscreen_sprite>PCK:xcom3/ufodata/vehequip.pck:xcom3/ufodata/vehequip.tab:2:xcom3/ufodata/vhawk.pcx</equipscreen_sprite>
				<equipscreen_size>
					<x>1</x>
					<y>2</y>
				</equipscreen_size>
				<manufacturer>ORG_MARSEC</manufacturer>
				<store_space>30</store_space>
				<users>
					<entry>air</entry>
				</users>
				<speed>38</speed>
				<projectile_image>7</projectile_image>
				<damage>20</damage>
				<accuracy>36</accuracy>
				<fire_delay>12</fire_delay>
				<tail_size>22</tail_size>
				<range>500</range>
				<firing_arc_1>2</firing_arc_1>
				<firing_arc_2>2</firing_arc_2>
				<point_defence>false</point_defence>
				<fire_sfx />
				<explosion_graphic>9</explosion_graphic>
				<icon>PCK:xcom3/ufodata/vs_obs.pck:xcom3/ufodata/vs_obs.tab:2</icon>
				<power>0</power>
				<top_speed>0</top_speed>
				<accuracy_modifier>0</accuracy_modifier>
				<cargo_space>0</cargo_space>
				<passengers>0</passengers>
				<alien_space>0</alien_space>
				<missile_jamming>0</missile_jamming>
				<shielding>0</shielding>
				<cloaking>false</cloaking>
				<teleporting>false</teleporting>
			</sp>
		</value>
	</entry>
	<entry>
		<key>VEQUIPMENTTYPE_RETRIBUTION_MISSILE_LAUNCHER</key>
		<value>
			<sp>
				<type>weapon</type>
				<id>VEQUIPMENTTYPE_RETRIBUTION_MISSILE_LAUNCHER</id>
				<name>Retribution Missile Launcher</name>
				<weight>55</weight>
				<max_ammo>1</max_ammo>
				<ammo_type>7</ammo_type>
				<equipscreen_sprite>PCK:xcom3/ufodata/vehequip.pck:xcom3/ufodata/vehequip.tab:12:xcom3/ufodata/vhawk.pcx</equipscreen_sprite>
				<equipscreen_size>
					<x>1</x>
					<y>4</y>
				</equipscreen_size>
				<manufacturer>ORG_MARSEC</manufacturer>
				<store_space>60</store_space>
				<users>
					<entry>air</entry>
				</users>
				<speed>10</speed>
				<projectile_image>1</projectile_image>
				<damage>68</damage>
				<accuracy>22</accuracy>
				<fire_delay>90</fire_delay>
				<tail_size>35</tail_size>
				<range>2300</range>
				<firing_arc_1>3</firing_arc_1>
				<firing_arc_2>4</firing_arc_2>
				<point_defence>false</point_defence>
				<fire_sfx />
				<explosion_graphic>0</explosion_graphic>
				<icon>PCK:xcom3/ufodata/vs_obs.pck:xcom3/ufodata/vs_obs.tab:12</icon>
				<power>0</power>
				<top_speed>0</top_speed>
				<accuracy_modifier>0</accuracy_modifier>
				<cargo_space>0</cargo_space>
				<passengers>0</passengers>
				<alien_space>0</alien_space>
				<missile_jamming>0</missile_jamming>
				<shielding>0</shielding>
				<cloaking>false</cloaking>
				<teleporting>false</teleporting>
			</sp>
		</value>
	</entry>
	<entry>
		<key>VEQUIPMENTTYPE_RUMBLE_CANNON</key>
		<value>
			<sp>
				<type>weapon</type>
				<id>VEQUIPMENTTYPE_RUMBLE_CANNON</id>
				<name>Rumble Cannon</name>
				<weight>140</weight>
				<max_ammo>0</max_ammo>
				<ammo_type>65535</ammo_type>
				<equipscreen_sprite>PCK:xcom3/ufodata/vehequip.pck:xcom3/ufodata/vehequip.tab:29:xcom3/ufodata/vhawk.pcx</equipscreen_sprite>
				<equipscreen_size>
					<x>4</x>
					<y>4</y>
				</equipscreen_size>
				<manufacturer>ORG_MEGAPOL</manufacturer>
				<store_space>160</store_space>
				<users>
					<entry>ground</entry>
				</users>
				<speed>20</speed>
				<projectile_image>2</projectile_image>
				<damage>34</damage>
				<accuracy>25</accuracy>
				<fire_delay>7</fire_delay>
				<tail_size>7</tail_size>
				<range>500</range>
				<firing_arc_1>2</firing_arc_1>
				<firing_arc_2>2</firing_arc_2>
				<point_defence>false</point_defence>
				<fire_sfx />
				<explosion_graphic>2</explosion_graphic>
				<icon>PCK:xcom3/ufodata/vs_obs.pck:xcom3/ufodata/vs_obs.tab:23</icon>
				<power>0</power>
				<top_speed>0</top_speed>
				<accuracy_modifier>0</accuracy_modifier>
				<cargo_space>0</cargo_space>
				<passengers>0</passengers>
				<alien_space>0</alien_space>
				<missile_jamming>0</missile_jamming>
				<shielding>0</shielding>
				<cloaking>false</cloaking>
				<teleporting>false</teleporting>
			</sp>
		</value>
	</entry>
	<entry>
		<key>VEQUIPMENTTYPE_SD_DELUXE</key>
		<value>
			<sp>
				<type>engine</type>
				<id>VEQUIPMENTTYPE_SD_DELUXE</id>
				<name>SD Deluxe</name>
				<weight>100</weight>
				<max_ammo>10</max_ammo>
				<ammo_type>0</ammo_type>
				<equipscreen_sprite>PCK:xcom3/ufodata/vehequip.pck:xcom3/ufodata/vehequip.tab:19:xcom3/ufodata/vhawk.pcx</equipscreen_sprite>
				<equipscreen_size>
					<x>2</x>
					<y>2</y>
				</equipscreen_size>
				<manufacturer>ORG_SUPERDYNAMICS</manufacturer>
				<store_space>20</store_space>
				<users>
					<entry>air</entry>
				</users>
				<speed>0</speed>
				<projectile_image>0</projectile_image>
				<damage>0</damage>
				<accuracy>0</accuracy>
				<fire_delay>0</fire_delay>
				<tail_size>0</tail_size>
				<range>0</range>
				<firing_arc_1>0</firing_arc_1>
				<firing_arc_2>0</firing_arc_2>
				<point_defence>false</point_defence>
				<fire_sfx />
				<explosion_graphic>744997840</explosion_graphic>
				<icon />
				<power>2000</power>
				<top_speed>11</top_speed>
				<accuracy_modifier>0</accuracy_modifier>
				<cargo_space>0</cargo_space>
				<passengers>0</passengers>
				<alien_space>0</alien_space>
				<missile_jamming>0</missile_jamming>
				<shielding>0</shielding>
				<cloaking>false</cloaking>
				<teleporting>false</teleporting>
			</sp>
		</value>
	</entry>
	<entry>
		<key>VEQUIPMENTTYPE_SD_ELITE</key>
		<value>
			<sp>
				<type>engine</type>
				<id>VEQUIPMENTTYPE_SD_ELITE</id>
				<name>SD Elite</name>
				<weight>240</weight>
				<max_ammo>16</max_ammo>
				<ammo_type>0</ammo_type>
				<equipscreen_sprite>PCK:xcom3/ufodata/vehequip.pck:xcom3/ufodata/vehequip.tab:22:xcom3/ufodata/vhawk.pcx</equipscreen_sprite>
				<equipscreen_size>
					<x>4</x>
					<y>4</y>
				</equipscreen_size>
				<manufacturer>ORG_SUPERDYNAMICS</manufacturer>
				<store_space>120</store_space>
				<users>
					<entry>air</entry>
				</users>
				<speed>0</speed>
				<projectile_image>0</projectile_image>
				<damage>0</damage>
				<accuracy>0</accuracy>
				<fire_delay>0</fire_delay>
				<tail_size>0</tail_size>
				<range>0</range>
				<firing_arc_1>0</firing_arc_1>
				<firing_arc_2>0</firing_arc_2>
				<point_defence>false</point_defence>
				<fire_sfx />
				<explosion_graphic>744085968</explosion_graphic>
				<icon />
				<power>16000</power>
				<top_speed>14</top_speed>
				<accuracy_modifier>0</accuracy_modifier>
				<cargo_space>0</cargo_space>
				<passengers>0</passengers>
				<alien_space>0</alien_space>
				<missile_jamming>0</missile_jamming>
				<shielding>0</shielding>
				<cloaking>false</cloaking>
				<teleporting>false</teleporting>
			</sp>
		</value>
	</entry>
	<entry>
		<key>VEQUIPMENTTYPE_SD_SPECIAL</key>
		<value>
			<sp>
				<type>engine</type>
				<id>VEQUIPMENTTYPE_SD_SPECIAL</id>
				<name>SD Special</name>
				<weight>180</weight>
				<max_ammo>18</max_ammo>
				<ammo_type>0</ammo_type>
				<equipscreen_sprite>PCK:xcom3/ufodata/vehequip.pck:xcom3/ufodata/vehequip.tab:23:xcom3/ufodata/vhawk.pcx</equipscreen_sprite>
				<equipscreen_size>
					<x>4</x>
					<y>4</y>
				</equipscreen_size>
				<manufacturer>ORG_SUPERDYNAMICS</manufacturer>
				<store_space>160</store_space>
				<users>
					<entry>air</entry>
				</users>
				<speed>0</speed>
				<projectile_image>0</projectile_image>
				<damage>0</damage>
				<accuracy>0</accuracy>
				<fire_delay>0</fire_delay>
				<tail_size>0</tail_size>
				<range>0</range>
				<firing_arc_1>0</firing_arc_1>
				<firing_arc_2>0</firing_arc_2>
				<point_defence>false</point_defence>
				<fire_sfx />
				<explosion_graphic>744085392</explosion_graphic>
				<icon />
				<power>32000</power>
				<top_speed>15</top_speed>
				<accuracy_modifier>0</accuracy_modifier>
				<cargo_space>0</cargo_space>
				<passengers>0</passengers>
				<alien_space>0</alien_space>
				<missile_jamming>0</missile_jamming>
				<shielding>0</shielding>
				<cloaking>false</cloaking>
				<teleporting>false</teleporting>
			</sp>
		</value>
	</entry>
	<entry>
		<key>VEQUIPMENTTYPE_SD_SPORTS</key>
		<value>
			<sp>
				<type>engine</type>
				<id>VEQUIPMENTTYPE_SD_SPORTS</id>
				<name>SD Sports</name>
				<weight>140</weight>
				<max_ammo>12</max_ammo>
				<ammo_type>0</ammo_type>
				<equipscreen_sprite>PCK:xcom3/ufodata/vehequip.pck:xcom3/ufodata/vehequip.tab:20:xcom3/ufodata/vhawk.pcx</equipscreen_sprite>
				<equipscreen_size>
					<x>2</x>
					<y>2</y>
				</equipscreen_size>
				<manufacturer>ORG_SUPERDYNAMICS</manufacturer>
				<store_space>40</store_space>
				<users>
					<entry>air</entry>
				</users>
				<speed>0</speed>
				<projectile_image>0</projectile_image>
				<damage>0</damage>
				<accuracy>0</accuracy>
				<fire_delay>0</fire_delay>
				<tail_size>0</tail_size>
				<range>0</range>
				<firing_arc_1>0</firing_arc_1>
				<firing_arc_2>0</firing_arc_2>
				<point_defence>false</point_defence>
				<fire_sfx />
				<explosion_graphic>744997520</explosion_graphic>
				<icon />
				<power>4000</power>
				<top_speed>12</top_speed>
				<accuracy_modifier>0</accuracy_modifier>
				<cargo_space>0</cargo_space>
				<passengers>0</passengers>
				<alien_space>0</alien_space>
				<missile_jamming>0</missile_jamming>
				<shielding>0</shielding>
				<cloaking>false</cloaking>
				<teleporting>false</teleporting>
			</sp>
		</value>
	</entry>
	<entry>
		<key>VEQUIPMENTTYPE_SD_STANDARD</key>
		<value>
			<sp>
				<type>engine</type>
				<id>VEQUIPMENTTYPE_SD_STANDARD</id>
				<name>SD Standard</name>
				<weight>75</weight>
				<max_ammo>8</max_ammo>
				<ammo_type>0</ammo_type>
				<equipscreen_sprite>PCK:xcom3/ufodata/vehequip.pck:xcom3/ufodata/vehequip.tab:18:xcom3/ufodata/vhawk.pcx</equipscreen_sprite>
				<equipscreen_size>
					<x>2</x>
					<y>2</y>
				</equipscreen_size>
				<manufacturer>ORG_SUPERDYNAMICS</manufacturer>
				<store_space>20</store_space>
				<users>
					<entry>air</entry>
				</users>
				<speed>0</speed>
				<projectile_image>0</projectile_image>
				<damage>0</damage>
				<accuracy>0</accuracy>
				<fire_delay>0</fire_delay>
				<tail_size>0</tail_size>
				<range>0</range>
				<firing_arc_1>0</firing_arc_1>
				<firing_arc_2>0</firing_arc_2>
				<point_defence>false</point_defence>
				<fire_sfx />
				<explosion_graphic>744086928</explosion_graphic>
				<icon />
				<power>1000</power>
				<top_speed>10</top_speed>
				<accuracy_modifier>0</accuracy_modifier>
				<cargo_space>0</cargo_space>
				<passengers>0</passengers>
				<alien_space>0</alien_space>
				<missile_jamming>0</missile_jamming>
				<shielding>0</shielding>
				<cloaking>false</cloaking>
				<teleporting>false</teleporting>
			</sp>
		</value>
	</entry>
	<entry>
		<key>VEQUIPMENTTYPE_SD_TURBO</key>
		<value>
			<sp>
				<type>engine</type>
				<id>VEQUIPMENTTYPE_SD_TURBO</id>
				<name>SD Turbo</name>
				<weight>190</weight>
				<max_ammo>14</max_ammo>
				<ammo_type>0</ammo_type>
				<equipscreen_sprite>PCK:xcom3/ufodata/vehequip.pck:xcom3/ufodata/vehequip.tab:21:xcom3/ufodata/vhawk.pcx</equipscreen_sprite>
				<equipscreen_size>
					<x>2</x>
					<y>4</y>
				</equipscreen_size>
				<manufacturer>ORG_SUPERDYNAMICS</manufacturer>
				<store_space>50</store_space>
				<users>
					<entry>air</entry>
				</users>
				<speed>0</speed>
				<projectile_image>0</projectile_image>
				<damage>0</damage>
				<accuracy>0</accuracy>
				<fire_delay>0</fire_delay>
				<tail_size>0</tail_size>
				<range>0</range>
				<firing_arc_1>0</firing_arc_1>
				<firing_arc_2>0</firing_arc_2>
				<point_defence>false</point_defence>
				<fire_sfx />
				<explosion_graphic>744087248</explosion_graphic>
				<icon />
				<power>8000</power>
				<top_speed>13</top_speed>
				<accuracy_modifier>0</accuracy_modifier>
				<cargo_space>0</cargo_space>
				<passengers>0</passengers>
				<alien_space>0</alien_space>
				<missile_jamming>0</missile_jamming>
				<shielding>0</shielding>
				<cloaking>false</cloaking>
				<teleporting>false</teleporting>
			</sp>
		</value>
	</entry>
	<entry>
		<key>VEQUIPMENTTYPE_SMALL_DISRUPTION_SHIELD</key>
		<value>
			<sp>
				<type>general</type>
				<id>VEQUIPMENTTYPE_SMALL_DISRUPTION_SHIELD</id>
				<name>Small Disruption Shield</name>
				<weight>80</weight>
				<max_ammo>0</max_ammo>
				<ammo_type>65535</ammo_type>
				<equipscreen_sprite>PCK:xcom3/ufodata/vehequip.pck:xcom3/ufodata/vehequip.tab:43:xcom3/ufodata/vhawk.pcx</equipscreen_sprite>
				<equipscreen_size>
					<x>2</x>
					<y>2</y>
				</equipscreen_size>
				<manufacturer>ORG_X-COM</manufacturer>
				<store_space>40</store_space>
				<users>
					<entry>ground</entry>
					<entry>air</entry>
				</users>
				<speed>0</speed>
				<projectile_image>0</projectile_image>
				<damage>0</damage>
				<accuracy>0</accuracy>
				<fire_delay>0</fire_delay>
				<tail_size>0</tail_size>
				<range>0</range>
				<firing_arc_1>0</firing_arc_1>
				<firing_arc_2>0</firing_arc_2>
				<point_defence>false</point_defence>
				<fire_sfx />
				<explosion_graphic>744081168</explosion_graphic>
				<icon />
				<power>0</power>
				<top_speed>0</top_speed>
				<accuracy_modifier>0</accuracy_modifier>
				<cargo_space>0</cargo_space>
				<passengers>0</passengers>
				<alien_space>0</alien_space>
				<missile_jamming>0</missile_jamming>
				<shielding>200</shielding>
				<cloaking>false</cloaking>
				<teleporting>false</teleporting>
			</sp>
		</value>
	</entry>
	<entry>
		<key>VEQUIPMENTTYPE_STASIS_BOMB_LAUNCHER</key>
		<value>
			<sp>
				<type>weapon</type>
				<id>VEQUIPMENTTYPE_STASIS_BOMB_LAUNCHER</id>
				<name>Stasis Bomb Launcher</name>
				<weight>130</weight>
				<max_ammo>5</max_ammo>
				<ammo_type>9</ammo_type>
				<equipscreen_sprite>PCK:xcom3/ufodata/vehequip.pck:xcom3/ufodata/vehequip.tab:14:xcom3/ufodata/vhawk.pcx</equipscreen_sprite>
				<equipscreen_size>
					<x>2</x>
					<y>4</y>
				</equipscreen_size>
				<manufacturer>ORG_X-COM</manufacturer>
				<store_space>80</store_space>
				<users>
					<entry>air</entry>
				</users>
				<speed>24</speed>
				<projectile_image>13</projectile_image>
				<damage>0</damage>
				<accuracy>20</accuracy>
				<fire_delay>90</fire_delay>
				<tail_size>24</tail_size>
				<range>500</range>
				<firing_arc_1>6</firing_arc_1>
				<firing_arc_2>6</firing_arc_2>
				<point_defence>false</point_defence>
				<fire_sfx />
				<explosion_graphic>7</explosion_graphic>
				<icon>PCK:xcom3/ufodata/vs_obs.pck:xcom3/ufodata/vs_obs.tab:14</icon>
				<power>0</power>
				<top_speed>0</top_speed>
				<accuracy_modifier>0</accuracy_modifier>
				<cargo_space>0</cargo_space>
				<passengers>0</passengers>
				<alien_space>0</alien_space>
				<missile_jamming>0</missile_jamming>
				<shielding>0</shielding>
				<cloaking>false</cloaking>
				<teleporting>false</teleporting>
			</sp>
		</value>
	</entry>
	<entry>
		<key>VEQUIPMENTTYPE_TELEPORTER</key>
		<value>
			<sp>
				<type>general</type>
				<id>VEQUIPMENTTYPE_TELEPORTER</id>
				<name>Teleporter</name>
				<weight>90</weight>
				<max_ammo>0</max_ammo>
				<ammo_type>65535</ammo_type>
				<equipscreen_sprite>PCK:xcom3/ufodata/vehequip.pck:xcom3/ufodata/vehequip.tab:46:xcom3/ufodata/vhawk.pcx</equipscreen_sprite>
				<equipscreen_size>
					<x>2</x>
					<y>2</y>
				</equipscreen_size>
				<manufacturer>ORG_X-COM</manufacturer>
				<store_space>60</store_space>
				<users>
					<entry>air</entry>
				</users>
				<speed>0</speed>
				<projectile_image>0</projectile_image>
				<damage>0</damage>
				<accuracy>0</accuracy>
				<fire_delay>0</fire_delay>
				<tail_size>0</tail_size>
				<range>0</range>
				<firing_arc_1>0</firing_arc_1>
				<firing_arc_2>0</firing_arc_2>
				<point_defence>false</point_defence>
				<fire_sfx />
				<explosion_graphic>744085840</explosion_graphic>
				<icon />
				<power>0</power>
				<top_speed>0</top_speed>
				<accuracy_modifier>0</accuracy_modifier>
				<cargo_space>0</cargo_space>
				<passengers>0</passengers>
				<alien_space>0</alien_space>
				<missile_jamming>0</missile_jamming>
				<shielding>0</shielding>
				<cloaking>false</cloaking>
				<teleporting>true</teleporting>
			</sp>
		</value>
	</entry>
</vehicle_equipment>
